{
"type": "FeatureCollection",
"name": "raster_extent",
"crs": { "type": "name", "properties": { "name": "urn:ogc:def:crs:OGC:1.3:CRS84" } },
"features": [
{ "type": "Feature", "properties": { "event": "EMSN066", "subevent": "EMSN066_2020-01-11", "date": "2020-01-11", "height": 8733, "width": 3665 }, "geometry": { "type": "Polygon", "coordinates": [ [ [ 57.167526251892973, 26.453464988867971 ], [ 57.167526251892973, 27.253677516430226 ], [ 56.831699054650826, 27.253677516430226 ], [ 56.831699054650826, 26.453464988867971 ], [ 57.167526251892973, 26.453464988867971 ] ] ] } },
{ "type": "Feature", "properties": { "event": "EMSN066", "subevent": "EMSN066_2020-01-12", "date": "2020-01-12", "height": 8115, "width": 21048 }, "geometry": { "type": "Polygon", "coordinates": [ [ [ 59.25307230052173, 25.397995233629516 ], [ 59.25307230052173, 26.195868923072556 ], [ 57.183615071267617, 26.195868923072556 ], [ 57.183615071267617, 25.397995233629516 ], [ 59.25307230052173, 25.397995233629516 ] ] ] } },
{ "type": "Feature", "properties": { "event": "EMSN066", "subevent": "EMSN066_2020-01-13", "date": "2020-01-13", "height": 8746, "width": 11341 }, "geometry": { "type": "Polygon", "coordinates": [ [ [ 61.673499494714427, 25.073489769332156 ], [ 61.673499494714427, 25.911846940080629 ], [ 60.586395827499878, 25.911846940080629 ], [ 60.586395827499878, 25.073489769332156 ], [ 61.673499494714427, 25.073489769332156 ] ] ] } },
{ "type": "Feature", "properties": { "event": "EMSN066", "subevent": "EMSN066_2020-01-14", "date": "2020-01-14", "height": 22584, "width": 27067 }, "geometry": { "type": "Polygon", "coordinates": [ [ [ 59.280193180276797, 25.398036160137895 ], [ 59.280193180276797, 27.560020182176636 ], [ 56.689048054323798, 27.560020182176636 ], [ 56.689048054323798, 25.398036160137895 ], [ 59.280193180276797, 25.398036160137895 ] ] ] } },
{ "type": "Feature", "properties": { "event": "EMSN066", "subevent": "EMSN066_2020-01-16", "date": "2020-01-16", "height": 8115, "width": 21048 }, "geometry": { "type": "Polygon", "coordinates": [ [ [ 59.25307230052173, 25.397995233629516 ], [ 59.25307230052173, 26.195868923072556 ], [ 57.183615071267617, 26.195868923072556 ], [ 57.183615071267617, 25.397995233629516 ], [ 59.25307230052173, 25.397995233629516 ] ] ] } },
{ "type": "Feature", "properties": { "event": "EMSN068", "subevent": "EMSN068_2017-06-30", "date": "2017-06-30", "height": 1874, "width": 4149 }, "geometry": { "type": "Polygon", "coordinates": [ [ [ 13.313572151923829, 52.606155838193459 ], [ 13.313572151923829, 52.853718169484296 ], [ 12.765473906179071, 52.853718169484296 ], [ 12.765473906179071, 52.606155838193459 ], [ 13.313572151923829, 52.606155838193459 ] ] ] } },
{ "type": "Feature", "properties": { "event": "EMSN068", "subevent": "EMSN068_2017-07-01", "date": "2017-07-01", "height": 2278, "width": 4339 }, "geometry": { "type": "Polygon", "coordinates": [ [ [ 13.319792600840779, 52.584348228631193 ], [ 13.319792600840779, 52.876280516627787 ], [ 12.763737202413546, 52.876280516627787 ], [ 12.763737202413546, 52.584348228631193 ], [ 13.319792600840779, 52.584348228631193 ] ] ] } },
{ "type": "Feature", "properties": { "event": "EMSN068", "subevent": "EMSN068_2017-07-03", "date": "2017-07-03", "height": 2032, "width": 4090 }, "geometry": { "type": "Polygon", "coordinates": [ [ [ 13.298506757062709, 52.596471730522168 ], [ 13.298506757062709, 52.859922398815335 ], [ 12.768234496571052, 52.859922398815335 ], [ 12.768234496571052, 52.596471730522168 ], [ 13.298506757062709, 52.596471730522168 ] ] ] } },
{ "type": "Feature", "properties": { "event": "EMSN068", "subevent": "EMSN068_2017-07-04", "date": "2017-07-04", "height": 2052, "width": 4123 }, "geometry": { "type": "Polygon", "coordinates": [ [ [ 13.297484942402908, 52.593881663822671 ], [ 13.297484942402908, 52.859848220616435 ], [ 12.763089175511739, 52.859848220616435 ], [ 12.763089175511739, 52.593881663822671 ], [ 13.297484942402908, 52.593881663822671 ] ] ] } },
{ "type": "Feature", "properties": { "event": "EMSN068", "subevent": "EMSN068_2017-07-10", "date": "2017-07-10", "height": 1518, "width": 3598 }, "geometry": { "type": "Polygon", "coordinates": [ [ [ 13.251071812730057, 52.638328213186398 ], [ 13.251071812730057, 52.841412057544446 ], [ 12.769717615101431, 52.841412057544446 ], [ 12.769717615101431, 52.638328213186398 ], [ 13.251071812730057, 52.638328213186398 ] ] ] } },
{ "type": "Feature", "properties": { "event": "EMSN068", "subevent": "EMSN068_2017-07-16", "date": "2017-07-16", "height": 1422, "width": 3587 }, "geometry": { "type": "Polygon", "coordinates": [ [ [ 13.250156102623757, 52.639862418176904 ], [ 13.250156102623757, 52.832069591870493 ], [ 12.765312831147741, 52.832069591870493 ], [ 12.765312831147741, 52.639862418176904 ], [ 13.250156102623757, 52.639862418176904 ] ] ] } },
{ "type": "Feature", "properties": { "event": "EMSN068", "subevent": "EMSN068_2017-07-22", "date": "2017-07-22", "height": 2074, "width": 3937 }, "geometry": { "type": "Polygon", "coordinates": [ [ [ 13.258155973957358, 52.615854300443786 ], [ 13.258155973957358, 52.881592450403033 ], [ 12.753714751011568, 52.881592450403033 ], [ 12.753714751011568, 52.615854300443786 ], [ 13.258155973957358, 52.615854300443786 ] ] ] } },
{ "type": "Feature", "properties": { "event": "EMSN068", "subevent": "EMSN068_2017-07-28", "date": "2017-07-28", "height": 2036, "width": 4150 }, "geometry": { "type": "Polygon", "coordinates": [ [ [ 13.301650085516101, 52.605279303480394 ], [ 13.301650085516101, 52.869963382306182 ], [ 12.762141771603027, 52.869963382306182 ], [ 12.762141771603027, 52.605279303480394 ], [ 13.301650085516101, 52.605279303480394 ] ] ] } },
{ "type": "Feature", "properties": { "event": "EMSN068", "subevent": "EMSN068_2017-08-03", "date": "2017-08-03", "height": 2069, "width": 4081 }, "geometry": { "type": "Polygon", "coordinates": [ [ [ 13.293386413047726, 52.608293259100236 ], [ 13.293386413047726, 52.875486440182648 ], [ 12.766361100337559, 52.875486440182648 ], [ 12.766361100337559, 52.608293259100236 ], [ 13.293386413047726, 52.608293259100236 ] ] ] } },
{ "type": "Feature", "properties": { "event": "EMSN068", "subevent": "EMSN068_2017-08-09", "date": "2017-08-09", "height": 2239, "width": 2851 }, "geometry": { "type": "Polygon", "coordinates": [ [ [ 13.076395133552973, 52.638094454904611 ], [ 13.076395133552973, 52.898741624474397 ], [ 12.744503628218689, 52.898741624474397 ], [ 12.744503628218689, 52.638094454904611 ], [ 13.076395133552973, 52.638094454904611 ] ] ] } },
{ "type": "Feature", "properties": { "event": "EMSN068", "subevent": "EMSN068_2017-08-15", "date": "2017-08-15", "height": 1785, "width": 2486 }, "geometry": { "type": "Polygon", "coordinates": [ [ [ 13.062911153688225, 52.641828182502323 ], [ 13.062911153688225, 52.854405985381305 ], [ 12.766850415336885, 52.854405985381305 ], [ 12.766850415336885, 52.641828182502323 ], [ 13.062911153688225, 52.641828182502323 ] ] ] } },
{ "type": "Feature", "properties": { "event": "EMSN082", "subevent": "EMSN082_2020-06-21", "date": "2020-06-21", "height": 18887, "width": 10785 }, "geometry": { "type": "Polygon", "coordinates": [ [ [ 15.147633690955098, 11.179817240394266 ], [ 15.147633690955098, 12.894381742906688 ], [ 14.168569882007333, 12.894381742906688 ], [ 14.168569882007333, 11.179817240394266 ], [ 15.147633690955098, 11.179817240394266 ] ] ] } },
{ "type": "Feature", "properties": { "event": "EMSN092", "subevent": "EMSN092_2021-02-19", "date": "2021-02-19", "height": 2674, "width": 2887 }, "geometry": { "type": "Polygon", "coordinates": [ [ [ 7.711834669328087, 52.024483201009616 ], [ 7.711834669328087, 52.321001436478703 ], [ 7.39169699326255, 52.321001436478703 ], [ 7.39169699326255, 52.024483201009616 ], [ 7.711834669328087, 52.024483201009616 ] ] ] } },
{ "type": "Feature", "properties": { "event": "EMSN092", "subevent": "EMSN092_2021-02-21", "date": "2021-02-21", "height": 2674, "width": 2887 }, "geometry": { "type": "Polygon", "coordinates": [ [ [ 7.711834669328087, 52.024483201009616 ], [ 7.711834669328087, 52.321001436478703 ], [ 7.39169699326255, 52.321001436478703 ], [ 7.39169699326255, 52.024483201009616 ], [ 7.711834669328087, 52.024483201009616 ] ] ] } },
{ "type": "Feature", "properties": { "event": "EMSN092", "subevent": "EMSN092_2021-02-22", "date": "2021-02-22", "height": 2674, "width": 2887 }, "geometry": { "type": "Polygon", "coordinates": [ [ [ 7.711834669328087, 52.024483201009616 ], [ 7.711834669328087, 52.321001436478703 ], [ 7.39169699326255, 52.321001436478703 ], [ 7.39169699326255, 52.024483201009616 ], [ 7.711834669328087, 52.024483201009616 ] ] ] } },
{ "type": "Feature", "properties": { "event": "EMSN095", "subevent": "EMSN095_2021-01-27", "date": "2021-01-27", "height": 1932, "width": 3917 }, "geometry": { "type": "Polygon", "coordinates": [ [ [ 9.241868287352744, 50.182576207695831 ], [ 9.241868287352744, 50.422185090058186 ], [ 8.756077401113949, 50.422185090058186 ], [ 8.756077401113949, 50.182576207695831 ], [ 9.241868287352744, 50.182576207695831 ] ] ] } },
{ "type": "Feature", "properties": { "event": "EMSN095", "subevent": "EMSN095_2021-02-05", "date": "2021-02-05", "height": 1932, "width": 3917 }, "geometry": { "type": "Polygon", "coordinates": [ [ [ 9.241868287352744, 50.182576207695831 ], [ 9.241868287352744, 50.422185090058186 ], [ 8.756077401113949, 50.422185090058186 ], [ 8.756077401113949, 50.182576207695831 ], [ 9.241868287352744, 50.182576207695831 ] ] ] } },
{ "type": "Feature", "properties": { "event": "EMSN095", "subevent": "EMSN095_2021-02-14", "date": "2021-02-14", "height": 1932, "width": 3917 }, "geometry": { "type": "Polygon", "coordinates": [ [ [ 9.241868287352744, 50.182576207695831 ], [ 9.241868287352744, 50.422185090058186 ], [ 8.756077401113949, 50.422185090058186 ], [ 8.756077401113949, 50.182576207695831 ], [ 9.241868287352744, 50.182576207695831 ] ] ] } },
{ "type": "Feature", "properties": { "event": "EMSN095", "subevent": "EMSN095_2021-02-17", "date": "2021-02-17", "height": 1932, "width": 3917 }, "geometry": { "type": "Polygon", "coordinates": [ [ [ 9.241868287352744, 50.182576207695831 ], [ 9.241868287352744, 50.422185090058186 ], [ 8.756077401113949, 50.422185090058186 ], [ 8.756077401113949, 50.182576207695831 ], [ 9.241868287352744, 50.182576207695831 ] ] ] } },
{ "type": "Feature", "properties": { "event": "EMSN186", "subevent": "EMSN186_2023-12-23", "date": "2023-12-23", "height": 1421, "width": 8144 }, "geometry": { "type": "Polygon", "coordinates": [ [ [ 7.738164268418676, 51.583659387938503 ], [ 7.738164268418676, 51.785961813824031 ], [ 6.578733616475166, 51.785961813824031 ], [ 6.578733616475166, 51.583659387938503 ], [ 7.738164268418676, 51.583659387938503 ] ] ] } },
{ "type": "Feature", "properties": { "event": "EMSN186", "subevent": "EMSN186_2023-12-25", "date": "2023-12-25", "height": 7957, "width": 11456 }, "geometry": { "type": "Polygon", "coordinates": [ [ [ 9.131900347933303, 51.620938373477962 ], [ 9.131900347933303, 52.561663298630769 ], [ 7.777502365961385, 52.561663298630769 ], [ 7.777502365961385, 51.620938373477962 ], [ 9.131900347933303, 51.620938373477962 ] ] ] } },
{ "type": "Feature", "properties": { "event": "EMSN186", "subevent": "EMSN186_2023-12-26", "date": "2023-12-26", "height": 3297, "width": 5448 }, "geometry": { "type": "Polygon", "coordinates": [ [ [ 9.131834945980581, 52.158826719336403 ], [ 9.131834945980581, 52.561663318786309 ], [ 8.466183203850431, 52.561663318786309 ], [ 8.466183203850431, 52.158826719336403 ], [ 9.131834945980581, 52.158826719336403 ] ] ] } },
{ "type": "Feature", "properties": { "event": "EMSN186", "subevent": "EMSN186_2023-12-27", "date": "2023-12-27", "height": 7298, "width": 19366 }, "geometry": { "type": "Polygon", "coordinates": [ [ [ 9.131760296929942, 51.583715068163237 ], [ 9.131760296929942, 52.561663336906726 ], [ 6.536673126131581, 52.561663336906726 ], [ 6.536673126131581, 51.583715068163237 ], [ 9.131760296929942, 51.583715068163237 ] ] ] } },
{ "type": "Feature", "properties": { "event": "EMSN186", "subevent": "EMSN186_2023-12-30", "date": "2023-12-30", "height": 7298, "width": 19366 }, "geometry": { "type": "Polygon", "coordinates": [ [ [ 9.131760296929942, 51.583715068163237 ], [ 9.131760296929942, 52.561663336906726 ], [ 6.536673126131581, 52.561663336906726 ], [ 6.536673126131581, 51.583715068163237 ], [ 9.131760296929942, 51.583715068163237 ] ] ] } },
{ "type": "Feature", "properties": { "event": "EMSN186", "subevent": "EMSN186_2024-01-03", "date": "2024-01-03", "height": 7957, "width": 11456 }, "geometry": { "type": "Polygon", "coordinates": [ [ [ 9.131900347933303, 51.620938373477962 ], [ 9.131900347933303, 52.561663298630769 ], [ 7.777502365961385, 52.561663298630769 ], [ 7.777502365961385, 51.620938373477962 ], [ 9.131900347933303, 51.620938373477962 ] ] ] } },
{ "type": "Feature", "properties": { "event": "EMSN186", "subevent": "EMSN186_2024-01-04", "date": "2024-01-04", "height": 1173, "width": 2507 }, "geometry": { "type": "Polygon", "coordinates": [ [ [ 6.903290246015226, 51.622112420107079 ], [ 6.903290246015226, 51.773969191726742 ], [ 6.578733616475166, 51.773969191726742 ], [ 6.578733616475166, 51.622112420107079 ], [ 6.903290246015226, 51.622112420107079 ] ] ] } },
{ "type": "Feature", "properties": { "event": "EMSN186", "subevent": "EMSN186_2024-01-08", "date": "2024-01-08", "height": 5281, "width": 15978 }, "geometry": { "type": "Polygon", "coordinates": [ [ [ 8.72792389080578, 51.583668209592055 ], [ 8.72792389080578, 52.303176054268562 ], [ 6.551007332911202, 52.303176054268562 ], [ 6.551007332911202, 51.583668209592055 ], [ 8.72792389080578, 51.583668209592055 ] ] ] } },
{ "type": "Feature", "properties": { "event": "EMSR130", "subevent": "EMSR130_2015-08-09", "date": "2015-08-09", "height": 34936, "width": 25914 }, "geometry": { "type": "Polygon", "coordinates": [ [ [ 96.897275481580195, 15.684458684651423 ], [ 96.897275481580195, 18.880929293086993 ], [ 94.526273095874927, 18.880929293086993 ], [ 94.526273095874927, 15.684458684651423 ], [ 96.897275481580195, 15.684458684651423 ] ] ] } },
{ "type": "Feature", "properties": { "event": "EMSR130", "subevent": "EMSR130_2015-08-10", "date": "2015-08-10", "height": 34936, "width": 25914 }, "geometry": { "type": "Polygon", "coordinates": [ [ [ 96.897275481580195, 15.684458684651423 ], [ 96.897275481580195, 18.880929293086993 ], [ 94.526273095874927, 18.880929293086993 ], [ 94.526273095874927, 15.684458684651423 ], [ 96.897275481580195, 15.684458684651423 ] ] ] } },
{ "type": "Feature", "properties": { "event": "EMSR130", "subevent": "EMSR130_2015-08-11", "date": "2015-08-11", "height": 34936, "width": 25914 }, "geometry": { "type": "Polygon", "coordinates": [ [ [ 96.897275481580195, 15.684458684651423 ], [ 96.897275481580195, 18.880929293086993 ], [ 94.526273095874927, 18.880929293086993 ], [ 94.526273095874927, 15.684458684651423 ], [ 96.897275481580195, 15.684458684651423 ] ] ] } },
{ "type": "Feature", "properties": { "event": "EMSR130", "subevent": "EMSR130_2015-08-15", "date": "2015-08-15", "height": 34936, "width": 25914 }, "geometry": { "type": "Polygon", "coordinates": [ [ [ 96.897275481580195, 15.684458684651423 ], [ 96.897275481580195, 18.880929293086993 ], [ 94.526273095874927, 18.880929293086993 ], [ 94.526273095874927, 15.684458684651423 ], [ 96.897275481580195, 15.684458684651423 ] ] ] } },
{ "type": "Feature", "properties": { "event": "EMSR130", "subevent": "EMSR130_2015-08-17", "date": "2015-08-17", "height": 34936, "width": 25914 }, "geometry": { "type": "Polygon", "coordinates": [ [ [ 96.897275481580195, 15.684458684651423 ], [ 96.897275481580195, 18.880929293086993 ], [ 94.526273095874927, 18.880929293086993 ], [ 94.526273095874927, 15.684458684651423 ], [ 96.897275481580195, 15.684458684651423 ] ] ] } },
{ "type": "Feature", "properties": { "event": "EMSR130", "subevent": "EMSR130_2015-09-04", "date": "2015-09-04", "height": 34936, "width": 25914 }, "geometry": { "type": "Polygon", "coordinates": [ [ [ 96.897275481727803, 15.684458684709153 ], [ 96.897275481727803, 18.880929293144579 ], [ 94.526273096022635, 18.880929293144579 ], [ 94.526273096022635, 15.684458684709153 ], [ 96.897275481727803, 15.684458684709153 ] ] ] } },
{ "type": "Feature", "properties": { "event": "EMSR130", "subevent": "EMSR130_2015-09-08", "date": "2015-09-08", "height": 12268, "width": 13981 }, "geometry": { "type": "Polygon", "coordinates": [ [ [ 96.861893050632546, 16.125341751948621 ], [ 96.861893050632546, 17.255056691015589 ], [ 95.574434250249823, 17.255056691015589 ], [ 95.574434250249823, 16.125341751948621 ], [ 96.861893050632546, 16.125341751948621 ] ] ] } },
{ "type": "Feature", "properties": { "event": "EMSR130", "subevent": "EMSR130_2015-09-09", "date": "2015-09-09", "height": 34936, "width": 25914 }, "geometry": { "type": "Polygon", "coordinates": [ [ [ 96.89727551206461, 15.684458744689604 ], [ 96.89727551206461, 18.880929353364323 ], [ 94.526273126181948, 18.880929353364323 ], [ 94.526273126181948, 15.684458744689604 ], [ 96.89727551206461, 15.684458744689604 ] ] ] } },
{ "type": "Feature", "properties": { "event": "EMSR130", "subevent": "EMSR130_2015-09-13", "date": "2015-09-13", "height": 34936, "width": 25914 }, "geometry": { "type": "Polygon", "coordinates": [ [ [ 96.897275482278218, 15.684458744849435 ], [ 96.897275482278218, 18.880929353617905 ], [ 94.526273096326008, 18.880929353617905 ], [ 94.526273096326008, 15.684458744849435 ], [ 96.897275482278218, 15.684458744849435 ] ] ] } },
{ "type": "Feature", "properties": { "event": "EMSR142", "subevent": "EMSR142_2015-10-17", "date": "2015-10-17", "height": 1955, "width": 8162 }, "geometry": { "type": "Polygon", "coordinates": [ [ [ 16.450317517402357, 45.398504366091835 ], [ 16.450317517402357, 45.642040824628864 ], [ 15.433568374395065, 45.642040824628864 ], [ 15.433568374395065, 45.398504366091835 ], [ 16.450317517402357, 45.398504366091835 ] ] ] } },
{ "type": "Feature", "properties": { "event": "EMSR142", "subevent": "EMSR142_2015-10-20", "date": "2015-10-20", "height": 1634, "width": 3728 }, "geometry": { "type": "Polygon", "coordinates": [ [ [ 16.393589611151327, 45.332753286045339 ], [ 16.393589611151327, 45.525940285274366 ], [ 15.952830043754863, 45.525940285274366 ], [ 15.952830043754863, 45.332753286045339 ], [ 16.393589611151327, 45.332753286045339 ] ] ] } },
{ "type": "Feature", "properties": { "event": "EMSR142", "subevent": "EMSR142_2015-10-21", "date": "2015-10-21", "height": 1647, "width": 6897 }, "geometry": { "type": "Polygon", "coordinates": [ [ [ 16.810687403922941, 45.326895049807838 ], [ 16.810687403922941, 45.531751096182951 ], [ 15.952829388228265, 45.531751096182951 ], [ 15.952829388228265, 45.326895049807838 ], [ 16.810687403922941, 45.326895049807838 ] ] ] } },
{ "type": "Feature", "properties": { "event": "EMSR147", "subevent": "EMSR147_2015-12-07", "date": "2015-12-07", "height": 6244, "width": 11253 }, "geometry": { "type": "Polygon", "coordinates": [ [ [ -2.220960745669726, 54.180292852385023 ], [ -2.220960745669726, 54.977567586419703 ], [ -3.657817341136136, 54.977567586419703 ], [ -3.657817341136136, 54.180292852385023 ], [ -2.220960745669726, 54.180292852385023 ] ] ] } },
{ "type": "Feature", "properties": { "event": "EMSR147", "subevent": "EMSR147_2015-12-10", "date": "2015-12-10", "height": 6244, "width": 11253 }, "geometry": { "type": "Polygon", "coordinates": [ [ [ -2.220960745669726, 54.180292852385023 ], [ -2.220960745669726, 54.977567586419703 ], [ -3.657817341136136, 54.977567586419703 ], [ -3.657817341136136, 54.180292852385023 ], [ -2.220960745669726, 54.180292852385023 ] ] ] } },
{ "type": "Feature", "properties": { "event": "EMSR149", "subevent": "EMSR149_2015-12-10", "date": "2015-12-10", "height": 13764, "width": 8496 }, "geometry": { "type": "Polygon", "coordinates": [ [ [ -7.867709417476923, 52.612500494876919 ], [ -7.867709417476923, 53.964946114602562 ], [ -8.702523278650204, 53.964946114602562 ], [ -8.702523278650204, 52.612500494876919 ], [ -7.867709417476923, 52.612500494876919 ] ] ] } },
{ "type": "Feature", "properties": { "event": "EMSR149", "subevent": "EMSR149_2015-12-11", "date": "2015-12-11", "height": 13764, "width": 8496 }, "geometry": { "type": "Polygon", "coordinates": [ [ [ -7.867709417476923, 52.612500494876919 ], [ -7.867709417476923, 53.964946114602562 ], [ -8.702523278650204, 53.964946114602562 ], [ -8.702523278650204, 52.612500494876919 ], [ -7.867709417476923, 52.612500494876919 ] ] ] } },
{ "type": "Feature", "properties": { "event": "EMSR149", "subevent": "EMSR149_2015-12-12", "date": "2015-12-12", "height": 14406, "width": 7210 }, "geometry": { "type": "Polygon", "coordinates": [ [ [ -8.057056764355332, 52.586916225629757 ], [ -8.057056764355332, 53.965053801571635 ], [ -8.746795201294175, 53.965053801571635 ], [ -8.746795201294175, 52.586916225629757 ], [ -8.057056764355332, 52.586916225629757 ] ] ] } },
{ "type": "Feature", "properties": { "event": "EMSR149", "subevent": "EMSR149_2015-12-13", "date": "2015-12-13", "height": 13968, "width": 8900 }, "geometry": { "type": "Polygon", "coordinates": [ [ [ -7.867711919021577, 52.585386915416166 ], [ -7.867711919021577, 53.965053801571635 ], [ -8.746795201294175, 53.965053801571635 ], [ -8.746795201294175, 52.585386915416166 ], [ -7.867711919021577, 52.585386915416166 ] ] ] } },
{ "type": "Feature", "properties": { "event": "EMSR149", "subevent": "EMSR149_2015-12-14", "date": "2015-12-14", "height": 13968, "width": 8900 }, "geometry": { "type": "Polygon", "coordinates": [ [ [ -7.867711919021577, 52.585386915416166 ], [ -7.867711919021577, 53.965053801571635 ], [ -8.746795201294175, 53.965053801571635 ], [ -8.746795201294175, 52.585386915416166 ], [ -7.867711919021577, 52.585386915416166 ] ] ] } },
{ "type": "Feature", "properties": { "event": "EMSR149", "subevent": "EMSR149_2015-12-15", "date": "2015-12-15", "height": 13968, "width": 8900 }, "geometry": { "type": "Polygon", "coordinates": [ [ [ -7.867711919021577, 52.585386915416166 ], [ -7.867711919021577, 53.965053801571635 ], [ -8.746795201294175, 53.965053801571635 ], [ -8.746795201294175, 52.585386915416166 ], [ -7.867711919021577, 52.585386915416166 ] ] ] } },
{ "type": "Feature", "properties": { "event": "EMSR149", "subevent": "EMSR149_2015-12-16", "date": "2015-12-16", "height": 7401, "width": 10388 }, "geometry": { "type": "Polygon", "coordinates": [ [ [ -7.881228722930285, 52.585403674654835 ], [ -7.881228722930285, 53.456680861381031 ], [ -9.104148249441801, 53.456680861381031 ], [ -9.104148249441801, 52.585403674654835 ], [ -7.881228722930285, 52.585403674654835 ] ] ] } },
{ "type": "Feature", "properties": { "event": "EMSR149", "subevent": "EMSR149_2015-12-17", "date": "2015-12-17", "height": 1645, "width": 2501 }, "geometry": { "type": "Polygon", "coordinates": [ [ [ -8.447140645398912, 52.589200128346704 ], [ -8.447140645398912, 52.786293884885097 ], [ -8.746795043637524, 52.786293884885097 ], [ -8.746795043637524, 52.589200128346704 ], [ -8.447140645398912, 52.589200128346704 ] ] ] } },
{ "type": "Feature", "properties": { "event": "EMSR149", "subevent": "EMSR149_2015-12-18", "date": "2015-12-18", "height": 3963, "width": 5592 }, "geometry": { "type": "Polygon", "coordinates": [ [ [ -8.443715158658959, 52.589167946995282 ], [ -8.443715158658959, 53.05652530250623 ], [ -9.103180798834893, 53.05652530250623 ], [ -9.103180798834893, 52.589167946995282 ], [ -8.443715158658959, 52.589167946995282 ] ] ] } },
{ "type": "Feature", "properties": { "event": "EMSR149", "subevent": "EMSR149_2016-01-01", "date": "2016-01-01", "height": 7241, "width": 19450 }, "geometry": { "type": "Polygon", "coordinates": [ [ [ -6.482354365937717, 52.48061882012847 ], [ -6.482354365937717, 53.456681005755875 ], [ -9.104148249441801, 53.456681005755875 ], [ -9.104148249441801, 52.48061882012847 ], [ -6.482354365937717, 52.48061882012847 ] ] ] } },
{ "type": "Feature", "properties": { "event": "EMSR149", "subevent": "EMSR149_2016-01-02", "date": "2016-01-02", "height": 13058, "width": 11713 }, "geometry": { "type": "Polygon", "coordinates": [ [ [ -7.867635359247772, 52.585427860683744 ], [ -7.867635359247772, 53.965338116486691 ], [ -9.105412111140856, 53.965338116486691 ], [ -9.105412111140856, 52.585427860683744 ], [ -7.867635359247772, 52.585427860683744 ] ] ] } },
{ "type": "Feature", "properties": { "event": "EMSR149", "subevent": "EMSR149_2016-01-03", "date": "2016-01-03", "height": 7241, "width": 19450 }, "geometry": { "type": "Polygon", "coordinates": [ [ [ -6.482354365937717, 52.48061882012847 ], [ -6.482354365937717, 53.456681005755875 ], [ -9.104148249441801, 53.456681005755875 ], [ -9.104148249441801, 52.48061882012847 ], [ -6.482354365937717, 52.48061882012847 ] ] ] } },
{ "type": "Feature", "properties": { "event": "EMSR149", "subevent": "EMSR149_2016-01-04", "date": "2016-01-04", "height": 11915, "width": 21296 }, "geometry": { "type": "Polygon", "coordinates": [ [ [ -6.451733817626808, 52.480619214570027 ], [ -6.451733817626808, 53.965338263556681 ], [ -9.105412111140856, 53.965338263556681 ], [ -9.105412111140856, 52.480619214570027 ], [ -6.451733817626808, 52.480619214570027 ] ] ] } },
{ "type": "Feature", "properties": { "event": "EMSR149", "subevent": "EMSR149_2016-01-05", "date": "2016-01-05", "height": 11915, "width": 21296 }, "geometry": { "type": "Polygon", "coordinates": [ [ [ -6.451733817626808, 52.480619214570027 ], [ -6.451733817626808, 53.965338263556681 ], [ -9.105412111140856, 53.965338263556681 ], [ -9.105412111140856, 52.480619214570027 ], [ -6.451733817626808, 52.480619214570027 ] ] ] } },
{ "type": "Feature", "properties": { "event": "EMSR149", "subevent": "EMSR149_2016-01-06", "date": "2016-01-06", "height": 13968, "width": 8900 }, "geometry": { "type": "Polygon", "coordinates": [ [ [ -7.867711919021577, 52.585386915416166 ], [ -7.867711919021577, 53.965053801571635 ], [ -8.746795201294175, 53.965053801571635 ], [ -8.746795201294175, 52.585386915416166 ], [ -7.867711919021577, 52.585386915416166 ] ] ] } },
{ "type": "Feature", "properties": { "event": "EMSR149", "subevent": "EMSR149_2016-01-07", "date": "2016-01-07", "height": 11915, "width": 21296 }, "geometry": { "type": "Polygon", "coordinates": [ [ [ -6.451733817626808, 52.480619214570027 ], [ -6.451733817626808, 53.965338263556681 ], [ -9.105412111140856, 53.965338263556681 ], [ -9.105412111140856, 52.480619214570027 ], [ -6.451733817626808, 52.480619214570027 ] ] ] } },
{ "type": "Feature", "properties": { "event": "EMSR149", "subevent": "EMSR149_2016-01-08", "date": "2016-01-08", "height": 11915, "width": 21296 }, "geometry": { "type": "Polygon", "coordinates": [ [ [ -6.451733817626808, 52.480619214570027 ], [ -6.451733817626808, 53.965338263556681 ], [ -9.105412111140856, 53.965338263556681 ], [ -9.105412111140856, 52.480619214570027 ], [ -6.451733817626808, 52.480619214570027 ] ] ] } },
{ "type": "Feature", "properties": { "event": "EMSR149", "subevent": "EMSR149_2016-01-09", "date": "2016-01-09", "height": 13968, "width": 21560 }, "geometry": { "type": "Polygon", "coordinates": [ [ [ -6.439783076365646, 52.480703138706019 ], [ -6.439783076365646, 54.160775167701658 ], [ -9.033021402908165, 54.160775167701658 ], [ -9.033021402908165, 52.480703138706019 ], [ -6.439783076365646, 52.480703138706019 ] ] ] } },
{ "type": "Feature", "properties": { "event": "EMSR149", "subevent": "EMSR149_2016-01-10", "date": "2016-01-10", "height": 13574, "width": 23475 }, "geometry": { "type": "Polygon", "coordinates": [ [ [ -6.439895116443031, 52.480743201667387 ], [ -6.439895116443031, 54.160775325695177 ], [ -9.345358068524384, 54.160775325695177 ], [ -9.345358068524384, 52.480743201667387 ], [ -6.439895116443031, 52.480743201667387 ] ] ] } },
{ "type": "Feature", "properties": { "event": "EMSR149", "subevent": "EMSR149_2016-01-11", "date": "2016-01-11", "height": 9189, "width": 16681 }, "geometry": { "type": "Polygon", "coordinates": [ [ [ -7.245044102923292, 53.00378293196632 ], [ -7.245044102923292, 54.160775020564628 ], [ -9.345358068524384, 54.160775020564628 ], [ -9.345358068524384, 53.00378293196632 ], [ -7.245044102923292, 53.00378293196632 ] ] ] } },
{ "type": "Feature", "properties": { "event": "EMSR150", "subevent": "EMSR150_2015-12-29", "date": "2015-12-29", "height": 2971, "width": 9139 }, "geometry": { "type": "Polygon", "coordinates": [ [ [ -0.923598568346491, 53.62695646438781 ], [ -0.923598568346491, 54.04168945331817 ], [ -2.199345719418365, 54.04168945331817 ], [ -2.199345719418365, 53.62695646438781 ], [ -0.923598568346491, 53.62695646438781 ] ] ] } },
{ "type": "Feature", "properties": { "event": "EMSR150", "subevent": "EMSR150_2015-12-31", "date": "2015-12-31", "height": 2846, "width": 3104 }, "geometry": { "type": "Polygon", "coordinates": [ [ [ -0.923654306158445, 53.720208497039827 ], [ -0.923654306158445, 54.031680189870094 ], [ -1.263362013307129, 54.031680189870094 ], [ -1.263362013307129, 53.720208497039827 ], [ -0.923654306158445, 53.720208497039827 ] ] ] } },
{ "type": "Feature", "properties": { "event": "EMSR151", "subevent": "EMSR151_2016-01-11", "date": "2016-01-11", "height": 1249, "width": 2850 }, "geometry": { "type": "Polygon", "coordinates": [ [ [ -7.339899446456762, 54.098676114589047 ], [ -7.339899446456762, 54.265007762063114 ], [ -7.719439234528086, 54.265007762063114 ], [ -7.719439234528086, 54.098676114589047 ], [ -7.339899446456762, 54.098676114589047 ] ] ] } },
{ "type": "Feature", "properties": { "event": "EMSR151", "subevent": "EMSR151_2016-01-12", "date": "2016-01-12", "height": 4244, "width": 5568 }, "geometry": { "type": "Polygon", "coordinates": [ [ [ -6.111394175799542, 54.352089661767678 ], [ -6.111394175799542, 54.839605219554493 ], [ -6.750999884036344, 54.839605219554493 ], [ -6.750999884036344, 54.352089661767678 ], [ -6.111394175799542, 54.352089661767678 ] ] ] } },
{ "type": "Feature", "properties": { "event": "EMSR151", "subevent": "EMSR151_2016-01-14", "date": "2016-01-14", "height": 4244, "width": 5568 }, "geometry": { "type": "Polygon", "coordinates": [ [ [ -6.111394175799542, 54.352089661767678 ], [ -6.111394175799542, 54.839605219554493 ], [ -6.750999884036344, 54.839605219554493 ], [ -6.750999884036344, 54.352089661767678 ], [ -6.111394175799542, 54.352089661767678 ] ] ] } },
{ "type": "Feature", "properties": { "event": "EMSR154", "subevent": "EMSR154_2016-02-06", "date": "2016-02-06", "height": 3178, "width": 3489 }, "geometry": { "type": "Polygon", "coordinates": [ [ [ -8.053011611013678, 53.408583971148616 ], [ -8.053011611013678, 53.760857015605247 ], [ -8.439758197580444, 53.760857015605247 ], [ -8.439758197580444, 53.408583971148616 ], [ -8.053011611013678, 53.408583971148616 ] ] ] } },
{ "type": "Feature", "properties": { "event": "EMSR156", "subevent": "EMSR156_2016-03-09", "date": "2016-03-09", "height": 2297, "width": 3255 }, "geometry": { "type": "Polygon", "coordinates": [ [ [ -8.05308627190942, 53.488734212650229 ], [ -8.05308627190942, 53.760857014970902 ], [ -8.438702171584557, 53.760857014970902 ], [ -8.438702171584557, 53.488734212650229 ], [ -8.05308627190942, 53.488734212650229 ] ] ] } },
{ "type": "Feature", "properties": { "event": "EMSR165", "subevent": "EMSR165_2016-05-31", "date": "2016-05-31", "height": 9494, "width": 8779 }, "geometry": { "type": "Polygon", "coordinates": [ [ [ 3.127418297264926, 47.606593892620431 ], [ 3.127418297264926, 48.596123373626781 ], [ 2.212410996469186, 48.596123373626781 ], [ 2.212410996469186, 47.606593892620431 ], [ 3.127418297264926, 47.606593892620431 ] ] ] } },
{ "type": "Feature", "properties": { "event": "EMSR165", "subevent": "EMSR165_2016-06-01", "date": "2016-06-01", "height": 9494, "width": 8779 }, "geometry": { "type": "Polygon", "coordinates": [ [ [ 3.127418297264926, 47.606593892620431 ], [ 3.127418297264926, 48.596123373626781 ], [ 2.212410996469186, 48.596123373626781 ], [ 2.212410996469186, 47.606593892620431 ], [ 3.127418297264926, 47.606593892620431 ] ] ] } },
{ "type": "Feature", "properties": { "event": "EMSR165", "subevent": "EMSR165_2016-06-02", "date": "2016-06-02", "height": 9494, "width": 8779 }, "geometry": { "type": "Polygon", "coordinates": [ [ [ 3.127418297264926, 47.606593892620431 ], [ 3.127418297264926, 48.596123373626781 ], [ 2.212410996469186, 48.596123373626781 ], [ 2.212410996469186, 47.606593892620431 ], [ 3.127418297264926, 47.606593892620431 ] ] ] } },
{ "type": "Feature", "properties": { "event": "EMSR165", "subevent": "EMSR165_2016-06-03", "date": "2016-06-03", "height": 2020, "width": 3693 }, "geometry": { "type": "Polygon", "coordinates": [ [ [ 2.976531758691498, 48.195764446321057 ], [ 2.976531758691498, 48.436213987873934 ], [ 2.536937621585173, 48.436213987873934 ], [ 2.536937621585173, 48.195764446321057 ], [ 2.976531758691498, 48.195764446321057 ] ] ] } },
{ "type": "Feature", "properties": { "event": "EMSR165", "subevent": "EMSR165_2016-06-04", "date": "2016-06-04", "height": 5541, "width": 8771 }, "geometry": { "type": "Polygon", "coordinates": [ [ [ 2.683030194623859, 48.457654690368059 ], [ 2.683030194623859, 49.105353233336778 ], [ 1.657770508578267, 49.105353233336778 ], [ 1.657770508578267, 48.457654690368059 ], [ 2.683030194623859, 48.457654690368059 ] ] ] } },
{ "type": "Feature", "properties": { "event": "EMSR165", "subevent": "EMSR165_2016-06-05", "date": "2016-06-05", "height": 1978, "width": 4386 }, "geometry": { "type": "Polygon", "coordinates": [ [ [ 2.203490848836498, 48.856915812667459 ], [ 2.203490848836498, 49.103024985725092 ], [ 1.657770508578267, 49.103024985725092 ], [ 1.657770508578267, 48.856915812667459 ], [ 2.203490848836498, 48.856915812667459 ] ] ] } },
{ "type": "Feature", "properties": { "event": "EMSR165", "subevent": "EMSR165_2016-06-06", "date": "2016-06-06", "height": 1430, "width": 2321 }, "geometry": { "type": "Polygon", "coordinates": [ [ [ 2.203407344270047, 48.859635849072959 ], [ 2.203407344270047, 49.028004395962384 ], [ 1.930132241241822, 49.028004395962384 ], [ 1.930132241241822, 48.859635849072959 ], [ 2.203407344270047, 48.859635849072959 ] ] ] } },
{ "type": "Feature", "properties": { "event": "EMSR165", "subevent": "EMSR165_2016-06-09", "date": "2016-06-09", "height": 3974, "width": 7576 }, "geometry": { "type": "Polygon", "coordinates": [ [ [ 2.575331931298327, 48.623695607723377 ], [ 2.575331931298327, 49.10500356626212 ], [ 1.657770508578267, 49.10500356626212 ], [ 1.657770508578267, 48.623695607723377 ], [ 2.575331931298327, 48.623695607723377 ] ] ] } },
{ "type": "Feature", "properties": { "event": "EMSR167", "subevent": "EMSR167_2016-06-01", "date": "2016-06-01", "height": 2064, "width": 5654 }, "geometry": { "type": "Polygon", "coordinates": [ [ [ 5.288074931409379, 51.021500158607076 ], [ 5.288074931409379, 51.292082397533882 ], [ 4.546857887372483, 51.292082397533882 ], [ 4.546857887372483, 51.021500158607076 ], [ 5.288074931409379, 51.021500158607076 ] ] ] } },
{ "type": "Feature", "properties": { "event": "EMSR167", "subevent": "EMSR167_2016-06-05", "date": "2016-06-05", "height": 4245, "width": 9777 }, "geometry": { "type": "Polygon", "coordinates": [ [ [ 5.782304797661327, 50.766670126692425 ], [ 5.782304797661327, 51.306589199930848 ], [ 4.538773872089576, 51.306589199930848 ], [ 4.538773872089576, 50.766670126692425 ], [ 5.782304797661327, 50.766670126692425 ] ] ] } },
{ "type": "Feature", "properties": { "event": "EMSR167", "subevent": "EMSR167_2016-06-08", "date": "2016-06-08", "height": 2226, "width": 4214 }, "geometry": { "type": "Polygon", "coordinates": [ [ [ 5.782266879322679, 51.022308980236176 ], [ 5.782266879322679, 51.294739249551526 ], [ 5.266534105335764, 51.294739249551526 ], [ 5.266534105335764, 51.022308980236176 ], [ 5.782266879322679, 51.022308980236176 ] ] ] } },
{ "type": "Feature", "properties": { "event": "EMSR174", "subevent": "EMSR174_2016-08-10", "date": "2016-08-10", "height": 675, "width": 1134 }, "geometry": { "type": "Polygon", "coordinates": [ [ [ 21.610058486473648, 41.988648053580263 ], [ 21.610058486473648, 42.062704333132075 ], [ 21.485643936826605, 42.062704333132075 ], [ 21.485643936826605, 41.988648053580263 ], [ 21.610058486473648, 41.988648053580263 ] ] ] } },
{ "type": "Feature", "properties": { "event": "EMSR176", "subevent": "EMSR176_2016-08-15", "date": "2016-08-15", "height": 7144, "width": 8293 }, "geometry": { "type": "Polygon", "coordinates": [ [ [ -91.712886865024686, 29.872560114800276 ], [ -91.712886865024686, 30.567388769377878 ], [ -92.519467776616523, 30.567388769377878 ], [ -92.519467776616523, 29.872560114800276 ], [ -91.712886865024686, 29.872560114800276 ] ] ] } },
{ "type": "Feature", "properties": { "event": "EMSR176", "subevent": "EMSR176_2016-08-16", "date": "2016-08-16", "height": 7144, "width": 8293 }, "geometry": { "type": "Polygon", "coordinates": [ [ [ -91.712886865024686, 29.872560114800276 ], [ -91.712886865024686, 30.567388769377878 ], [ -92.519467776616523, 30.567388769377878 ], [ -92.519467776616523, 29.872560114800276 ], [ -91.712886865024686, 29.872560114800276 ] ] ] } },
{ "type": "Feature", "properties": { "event": "EMSR176", "subevent": "EMSR176_2016-08-17", "date": "2016-08-17", "height": 7144, "width": 8293 }, "geometry": { "type": "Polygon", "coordinates": [ [ [ -91.712886865024686, 29.872560114800276 ], [ -91.712886865024686, 30.567388769377878 ], [ -92.519467776616523, 30.567388769377878 ], [ -92.519467776616523, 29.872560114800276 ], [ -91.712886865024686, 29.872560114800276 ] ] ] } },
{ "type": "Feature", "properties": { "event": "EMSR176", "subevent": "EMSR176_2016-08-24", "date": "2016-08-24", "height": 7144, "width": 8293 }, "geometry": { "type": "Polygon", "coordinates": [ [ [ -91.712886865024686, 29.872560114800276 ], [ -91.712886865024686, 30.567388769377878 ], [ -92.519467776616523, 30.567388769377878 ], [ -92.519467776616523, 29.872560114800276 ], [ -91.712886865024686, 29.872560114800276 ] ] ] } },
{ "type": "Feature", "properties": { "event": "EMSR184", "subevent": "EMSR184_2016-09-27", "date": "2016-09-27", "height": 8186, "width": 23190 }, "geometry": { "type": "Polygon", "coordinates": [ [ [ 148.572798466024835, -33.769529281960743 ], [ 148.572798466024835, -32.909096463337505 ], [ 146.135290884315481, -32.909096463337505 ], [ 146.135290884315481, -33.769529281960743 ], [ 148.572798466024835, -33.769529281960743 ] ] ] } },
{ "type": "Feature", "properties": { "event": "EMSR184", "subevent": "EMSR184_2016-09-28", "date": "2016-09-28", "height": 4461, "width": 16514 }, "geometry": { "type": "Polygon", "coordinates": [ [ [ 148.105071703233335, -33.470316645453167 ], [ 148.105071703233335, -32.997965955307258 ], [ 146.356495308463224, -32.997965955307258 ], [ 146.356495308463224, -33.470316645453167 ], [ 148.105071703233335, -33.470316645453167 ] ] ] } },
{ "type": "Feature", "properties": { "event": "EMSR184", "subevent": "EMSR184_2016-09-29", "date": "2016-09-29", "height": 8186, "width": 23190 }, "geometry": { "type": "Polygon", "coordinates": [ [ [ 148.572798466024835, -33.769529281960743 ], [ 148.572798466024835, -32.909096463337505 ], [ 146.135290884315481, -32.909096463337505 ], [ 146.135290884315481, -33.769529281960743 ], [ 148.572798466024835, -33.769529281960743 ] ] ] } },
{ "type": "Feature", "properties": { "event": "EMSR184", "subevent": "EMSR184_2016-09-30", "date": "2016-09-30", "height": 4957, "width": 7173 }, "geometry": { "type": "Polygon", "coordinates": [ [ [ 148.571658316166491, -33.709907615715387 ], [ 148.571658316166491, -33.208547094905391 ], [ 147.846167290189072, -33.208547094905391 ], [ 147.846167290189072, -33.709907615715387 ], [ 148.571658316166491, -33.709907615715387 ] ] ] } },
{ "type": "Feature", "properties": { "event": "EMSR184", "subevent": "EMSR184_2016-10-02", "date": "2016-10-02", "height": 8267, "width": 16674 }, "geometry": { "type": "Polygon", "coordinates": [ [ [ 147.857152174816832, -33.769569485370518 ], [ 147.857152174816832, -32.915867476939745 ], [ 146.135290884315481, -32.915867476939745 ], [ 146.135290884315481, -33.769569485370518 ], [ 147.857152174816832, -33.769569485370518 ] ] ] } },
{ "type": "Feature", "properties": { "event": "EMSR184", "subevent": "EMSR184_2016-10-05", "date": "2016-10-05", "height": 8267, "width": 16674 }, "geometry": { "type": "Polygon", "coordinates": [ [ [ 147.857152174816832, -33.769569485370518 ], [ 147.857152174816832, -32.915867476939745 ], [ 146.135290884315481, -32.915867476939745 ], [ 146.135290884315481, -33.769569485370518 ], [ 147.857152174816832, -33.769569485370518 ] ] ] } },
{ "type": "Feature", "properties": { "event": "EMSR184", "subevent": "EMSR184_2016-10-11", "date": "2016-10-11", "height": 6824, "width": 9937 }, "geometry": { "type": "Polygon", "coordinates": [ [ [ 147.138464859947902, -33.60363359028149 ], [ 147.138464859947902, -32.915867476939745 ], [ 146.136950811255502, -32.915867476939745 ], [ 146.136950811255502, -33.60363359028149 ], [ 147.138464859947902, -33.60363359028149 ] ] ] } },
{ "type": "Feature", "properties": { "event": "EMSR184", "subevent": "EMSR184_2016-10-14", "date": "2016-10-14", "height": 6824, "width": 9937 }, "geometry": { "type": "Polygon", "coordinates": [ [ [ 147.138464859947902, -33.60363359028149 ], [ 147.138464859947902, -32.915867476939745 ], [ 146.136950811255502, -32.915867476939745 ], [ 146.136950811255502, -33.60363359028149 ], [ 147.138464859947902, -33.60363359028149 ] ] ] } },
{ "type": "Feature", "properties": { "event": "EMSR184", "subevent": "EMSR184_2016-10-20", "date": "2016-10-20", "height": 6824, "width": 9937 }, "geometry": { "type": "Polygon", "coordinates": [ [ [ 147.138464859947902, -33.60363359028149 ], [ 147.138464859947902, -32.915867476939745 ], [ 146.136950811255502, -32.915867476939745 ], [ 146.136950811255502, -33.60363359028149 ], [ 147.138464859947902, -33.60363359028149 ] ] ] } },
{ "type": "Feature", "properties": { "event": "EMSR184", "subevent": "EMSR184_2016-10-26", "date": "2016-10-26", "height": 6824, "width": 9937 }, "geometry": { "type": "Polygon", "coordinates": [ [ [ 147.138464859947902, -33.60363359028149 ], [ 147.138464859947902, -32.915867476939745 ], [ 146.136950811255502, -32.915867476939745 ], [ 146.136950811255502, -33.60363359028149 ], [ 147.138464859947902, -33.60363359028149 ] ] ] } },
{ "type": "Feature", "properties": { "event": "EMSR192", "subevent": "EMSR192_2016-11-25", "date": "2016-11-25", "height": 6581, "width": 4670 }, "geometry": { "type": "Polygon", "coordinates": [ [ [ 8.14498165653419, 44.563745188041693 ], [ 8.14498165653419, 45.213402816299926 ], [ 7.683972520541798, 45.213402816299926 ], [ 7.683972520541798, 44.563745188041693 ], [ 8.14498165653419, 44.563745188041693 ] ] ] } },
{ "type": "Feature", "properties": { "event": "EMSR192", "subevent": "EMSR192_2016-11-26", "date": "2016-11-26", "height": 9997, "width": 4376 }, "geometry": { "type": "Polygon", "coordinates": [ [ [ 8.044031711541621, 44.166574703996474 ], [ 8.044031711541621, 45.104754744761699 ], [ 7.633360924466635, 45.104754744761699 ], [ 7.633360924466635, 44.166574703996474 ], [ 8.044031711541621, 44.166574703996474 ] ] ] } },
{ "type": "Feature", "properties": { "event": "EMSR192", "subevent": "EMSR192_2016-11-27", "date": "2016-11-27", "height": 3713, "width": 11538 }, "geometry": { "type": "Polygon", "coordinates": [ [ [ 8.915783266970369, 44.766550147445464 ], [ 8.915783266970369, 45.218641238648459 ], [ 7.510928160506558, 45.218641238648459 ], [ 7.510928160506558, 44.766550147445464 ], [ 8.915783266970369, 44.766550147445464 ] ] ] } },
{ "type": "Feature", "properties": { "event": "EMSR199", "subevent": "EMSR199_2017-03-23", "date": "2017-03-23", "height": 37262, "width": 23203 }, "geometry": { "type": "Polygon", "coordinates": [ [ [ -78.750254496026201, -8.239804689857477 ], [ -78.750254496026201, -4.869887596604645 ], [ -80.848697583212754, -4.869887596604645 ], [ -80.848697583212754, -8.239804689857477 ], [ -78.750254496026201, -8.239804689857477 ] ] ] } },
{ "type": "Feature", "properties": { "event": "EMSR199", "subevent": "EMSR199_2017-03-24", "date": "2017-03-24", "height": 93877, "width": 68170 }, "geometry": { "type": "Polygon", "coordinates": [ [ [ -72.998834712323386, -12.128249698691548 ], [ -72.998834712323386, -3.65975654941095 ], [ -79.148340746671082, -3.65975654941095 ], [ -79.148340746671082, -12.128249698691548 ], [ -72.998834712323386, -12.128249698691548 ] ] ] } },
{ "type": "Feature", "properties": { "event": "EMSR199", "subevent": "EMSR199_2017-03-25", "date": "2017-03-25", "height": 339, "width": 418 }, "geometry": { "type": "Polygon", "coordinates": [ [ [ -77.580977490701599, -11.088720271759685 ], [ -77.580977490701599, -11.057867077587488 ], [ -77.619020662276753, -11.057867077587488 ], [ -77.619020662276753, -11.088720271759685 ], [ -77.580977490701599, -11.088720271759685 ] ] ] } },
{ "type": "Feature", "properties": { "event": "EMSR199", "subevent": "EMSR199_2017-03-26", "date": "2017-03-26", "height": 26577, "width": 15743 }, "geometry": { "type": "Polygon", "coordinates": [ [ [ -79.465863148947065, -7.339986169696219 ], [ -79.465863148947065, -4.936577903223562 ], [ -80.889532349348883, -4.936577903223562 ], [ -80.889532349348883, -7.339986169696219 ], [ -79.465863148947065, -7.339986169696219 ] ] ] } },
{ "type": "Feature", "properties": { "event": "EMSR199", "subevent": "EMSR199_2017-03-27", "date": "2017-03-27", "height": 34592, "width": 20987 }, "geometry": { "type": "Polygon", "coordinates": [ [ [ -78.750246209619348, -8.239666365903052 ], [ -78.750246209619348, -5.11113180162628 ], [ -80.648331168583169, -5.11113180162628 ], [ -80.648331168583169, -8.239666365903052 ], [ -78.750246209619348, -8.239666365903052 ] ] ] } },
{ "type": "Feature", "properties": { "event": "EMSR199", "subevent": "EMSR199_2017-03-28", "date": "2017-03-28", "height": 842, "width": 1032 }, "geometry": { "type": "Polygon", "coordinates": [ [ [ -79.100534138481947, -7.827320056782838 ], [ -79.100534138481947, -7.75107181923602 ], [ -79.19398803533268, -7.75107181923602 ], [ -79.19398803533268, -7.827320056782838 ], [ -79.100534138481947, -7.827320056782838 ] ] ] } },
{ "type": "Feature", "properties": { "event": "EMSR199", "subevent": "EMSR199_2017-03-30", "date": "2017-03-30", "height": 9069, "width": 4197 }, "geometry": { "type": "Polygon", "coordinates": [ [ [ -80.50994126289865, -6.009012891133581 ], [ -80.50994126289865, -5.18887336184931 ], [ -80.889489791336857, -5.18887336184931 ], [ -80.889489791336857, -6.009012891133581 ], [ -80.50994126289865, -6.009012891133581 ] ] ] } },
{ "type": "Feature", "properties": { "event": "EMSR199", "subevent": "EMSR199_2017-04-01", "date": "2017-04-01", "height": 44840, "width": 25298 }, "geometry": { "type": "Polygon", "coordinates": [ [ [ -76.77432571017701, -12.075015903756714 ], [ -76.77432571017701, -8.016361407362224 ], [ -79.064152682741408, -8.016361407362224 ], [ -79.064152682741408, -12.075015903756714 ], [ -76.77432571017701, -12.075015903756714 ] ] ] } },
{ "type": "Feature", "properties": { "event": "EMSR199", "subevent": "EMSR199_2017-04-02", "date": "2017-04-02", "height": 896, "width": 1181 }, "geometry": { "type": "Polygon", "coordinates": [ [ [ -80.595562935861793, -5.229823260356687 ], [ -80.595562935861793, -5.148899128255779 ], [ -80.70222744480283, -5.148899128255779 ], [ -80.70222744480283, -5.229823260356687 ], [ -80.595562935861793, -5.229823260356687 ] ] ] } },
{ "type": "Feature", "properties": { "event": "EMSR199", "subevent": "EMSR199_2017-04-05", "date": "2017-04-05", "height": 1289, "width": 1571 }, "geometry": { "type": "Polygon", "coordinates": [ [ [ -73.157931585789626, -3.776950130470782 ], [ -73.157931585789626, -3.660711586266861 ], [ -73.299600129578891, -3.660711586266861 ], [ -73.299600129578891, -3.776950130470782 ], [ -73.157931585789626, -3.776950130470782 ] ] ] } },
{ "type": "Feature", "properties": { "event": "EMSR199", "subevent": "EMSR199_2017-04-24", "date": "2017-04-24", "height": 339, "width": 418 }, "geometry": { "type": "Polygon", "coordinates": [ [ [ -77.580977491616295, -11.088720271751743 ], [ -77.580977491616295, -11.057867077579564 ], [ -77.619020663191435, -11.057867077579564 ], [ -77.619020663191435, -11.088720271751743 ], [ -77.580977491616295, -11.088720271751743 ] ] ] } },
{ "type": "Feature", "properties": { "event": "EMSR203", "subevent": "EMSR203_2017-04-30", "date": "2017-04-30", "height": 30205, "width": 65706 }, "geometry": { "type": "Polygon", "coordinates": [ [ [ -89.621001460614991, 35.771889837550489 ], [ -89.621001460614991, 39.025810695078917 ], [ -96.699370070605482, 39.025810695078917 ], [ -96.699370070605482, 35.771889837550489 ], [ -89.621001460614991, 35.771889837550489 ] ] ] } },
{ "type": "Feature", "properties": { "event": "EMSR203", "subevent": "EMSR203_2017-05-01", "date": "2017-05-01", "height": 30156, "width": 65697 }, "geometry": { "type": "Polygon", "coordinates": [ [ [ -89.621000994133013, 35.776723250140734 ], [ -89.621000994133013, 39.025810695078917 ], [ -96.699370070605482, 39.025810695078917 ], [ -96.699370070605482, 35.776723250140734 ], [ -89.621000994133013, 35.776723250140734 ] ] ] } },
{ "type": "Feature", "properties": { "event": "EMSR203", "subevent": "EMSR203_2017-05-02", "date": "2017-05-02", "height": 16253, "width": 24539 }, "geometry": { "type": "Polygon", "coordinates": [ [ [ -92.548276017532501, 35.806723898654823 ], [ -92.548276017532501, 37.49439896547392 ], [ -95.096350740025201, 37.49439896547392 ], [ -95.096350740025201, 35.806723898654823 ], [ -92.548276017532501, 35.806723898654823 ] ] ] } },
{ "type": "Feature", "properties": { "event": "EMSR203", "subevent": "EMSR203_2017-05-03", "date": "2017-05-03", "height": 21258, "width": 25100 }, "geometry": { "type": "Polygon", "coordinates": [ [ [ -88.840429612303637, 36.020738725722012 ], [ -88.840429612303637, 38.187604040413014 ], [ -91.398916741795787, 38.187604040413014 ], [ -91.398916741795787, 36.020738725722012 ], [ -88.840429612303637, 36.020738725722012 ] ] ] } },
{ "type": "Feature", "properties": { "event": "EMSR205", "subevent": "EMSR205_2017-05-30", "date": "2017-05-30", "height": 5401, "width": 4929 }, "geometry": { "type": "Polygon", "coordinates": [ [ [ 80.412420667521914, 6.382613548525449 ], [ 80.412420667521914, 6.871161452550213 ], [ 79.966567562737978, 6.871161452550213 ], [ 79.966567562737978, 6.382613548525449 ], [ 80.412420667521914, 6.382613548525449 ] ] ] } },
{ "type": "Feature", "properties": { "event": "EMSR215", "subevent": "EMSR215_2017-07-29", "date": "2017-07-29", "height": 1124, "width": 1705 }, "geometry": { "type": "Polygon", "coordinates": [ [ [ 10.608942225313148, 52.188501882392075 ], [ 10.608942225313148, 52.321472270054763 ], [ 10.407238923742971, 52.321472270054763 ], [ 10.407238923742971, 52.188501882392075 ], [ 10.608942225313148, 52.188501882392075 ] ] ] } },
{ "type": "Feature", "properties": { "event": "EMSR215", "subevent": "EMSR215_2017-07-30", "date": "2017-07-30", "height": 1124, "width": 1705 }, "geometry": { "type": "Polygon", "coordinates": [ [ [ 10.608942225313148, 52.188501882392075 ], [ 10.608942225313148, 52.321472270054763 ], [ 10.407238923742971, 52.321472270054763 ], [ 10.407238923742971, 52.188501882392075 ], [ 10.608942225313148, 52.188501882392075 ] ] ] } },
{ "type": "Feature", "properties": { "event": "EMSR235", "subevent": "EMSR235_2017-09-10", "date": "2017-09-10", "height": 652, "width": 815 }, "geometry": { "type": "Polygon", "coordinates": [ [ [ 2.13861168635458, 13.458246993317223 ], [ 2.13861168635458, 13.517977272175823 ], [ 2.063948837781329, 13.517977272175823 ], [ 2.063948837781329, 13.458246993317223 ], [ 2.13861168635458, 13.458246993317223 ] ] ] } },
{ "type": "Feature", "properties": { "event": "EMSR235", "subevent": "EMSR235_2017-09-12", "date": "2017-09-12", "height": 739, "width": 703 }, "geometry": { "type": "Polygon", "coordinates": [ [ [ 7.134620465256498, 13.461428173359296 ], [ 7.134620465256498, 13.528909286897255 ], [ 7.070426659008616, 13.528909286897255 ], [ 7.070426659008616, 13.461428173359296 ], [ 7.134620465256498, 13.461428173359296 ] ] ] } },
{ "type": "Feature", "properties": { "event": "EMSR238", "subevent": "EMSR238_2017-09-12", "date": "2017-09-12", "height": 708, "width": 1340 }, "geometry": { "type": "Polygon", "coordinates": [ [ [ 10.443967939413259, 43.560141473515529 ], [ 10.443967939413259, 43.640127688365126 ], [ 10.292581600573621, 43.640127688365126 ], [ 10.292581600573621, 43.560141473515529 ], [ 10.443967939413259, 43.560141473515529 ] ] ] } },
{ "type": "Feature", "properties": { "event": "EMSR258", "subevent": "EMSR258_2017-12-01", "date": "2017-12-01", "height": 1365, "width": 1397 }, "geometry": { "type": "Polygon", "coordinates": [ [ [ 19.739613378775161, 41.448855162939395 ], [ 19.739613378775161, 41.588744670239208 ], [ 19.596444410498354, 41.588744670239208 ], [ 19.596444410498354, 41.448855162939395 ], [ 19.739613378775161, 41.448855162939395 ] ] ] } },
{ "type": "Feature", "properties": { "event": "EMSR258", "subevent": "EMSR258_2017-12-02", "date": "2017-12-02", "height": 7101, "width": 5288 }, "geometry": { "type": "Polygon", "coordinates": [ [ [ 20.276646809691986, 40.118681740439499 ], [ 20.276646809691986, 40.812925113622597 ], [ 19.759654983555915, 40.812925113622597 ], [ 19.759654983555915, 40.118681740439499 ], [ 20.276646809691986, 40.118681740439499 ] ] ] } },
{ "type": "Feature", "properties": { "event": "EMSR258", "subevent": "EMSR258_2017-12-03", "date": "2017-12-03", "height": 6990, "width": 5989 }, "geometry": { "type": "Polygon", "coordinates": [ [ [ 20.276705559239399, 40.11780717898656 ], [ 20.276705559239399, 40.812925509681065 ], [ 19.681131355730187, 40.812925509681065 ], [ 19.681131355730187, 40.11780717898656 ], [ 20.276705559239399, 40.11780717898656 ] ] ] } },
{ "type": "Feature", "properties": { "event": "EMSR258", "subevent": "EMSR258_2017-12-04", "date": "2017-12-04", "height": 6566, "width": 5150 }, "geometry": { "type": "Polygon", "coordinates": [ [ [ 19.797530360539835, 40.427345118370162 ], [ 19.797530360539835, 41.074342005112747 ], [ 19.290062500849871, 41.074342005112747 ], [ 19.290062500849871, 40.427345118370162 ], [ 19.797530360539835, 40.427345118370162 ] ] ] } },
{ "type": "Feature", "properties": { "event": "EMSR260", "subevent": "EMSR260_2017-12-12", "date": "2017-12-12", "height": 2450, "width": 5590 }, "geometry": { "type": "Polygon", "coordinates": [ [ [ 11.026858653197488, 44.666649821953129 ], [ 11.026858653197488, 44.953819350937678 ], [ 10.371643278902122, 44.953819350937678 ], [ 10.371643278902122, 44.666649821953129 ], [ 11.026858653197488, 44.666649821953129 ] ] ] } },
{ "type": "Feature", "properties": { "event": "EMSR260", "subevent": "EMSR260_2017-12-13", "date": "2017-12-13", "height": 832, "width": 1399 }, "geometry": { "type": "Polygon", "coordinates": [ [ [ 11.020257079525171, 44.666764455688849 ], [ 11.020257079525171, 44.76002992229639 ], [ 10.863432094207923, 44.76002992229639 ], [ 10.863432094207923, 44.666764455688849 ], [ 11.020257079525171, 44.666764455688849 ] ] ] } },
{ "type": "Feature", "properties": { "event": "EMSR260", "subevent": "EMSR260_2017-12-14", "date": "2017-12-14", "height": 1525, "width": 1360 }, "geometry": { "type": "Polygon", "coordinates": [ [ [ 10.51192153502822, 44.799847410196548 ], [ 10.51192153502822, 44.953819350937678 ], [ 10.374608853449248, 44.953819350937678 ], [ 10.374608853449248, 44.799847410196548 ], [ 10.51192153502822, 44.799847410196548 ] ] ] } },
{ "type": "Feature", "properties": { "event": "EMSR260", "subevent": "EMSR260_2017-12-17", "date": "2017-12-17", "height": 1525, "width": 1360 }, "geometry": { "type": "Polygon", "coordinates": [ [ [ 10.51192153502822, 44.799847410196548 ], [ 10.51192153502822, 44.953819350937678 ], [ 10.374608853449248, 44.953819350937678 ], [ 10.374608853449248, 44.799847410196548 ], [ 10.51192153502822, 44.799847410196548 ] ] ] } },
{ "type": "Feature", "properties": { "event": "EMSR261", "subevent": "EMSR261_2017-07-25", "date": "2017-07-25", "height": 5141, "width": 7827 }, "geometry": { "type": "Polygon", "coordinates": [ [ [ 10.273352973606167, 52.184742731593325 ], [ 10.273352973606167, 52.797944514788703 ], [ 9.339773833930959, 52.797944514788703 ], [ 9.339773833930959, 52.184742731593325 ], [ 10.273352973606167, 52.184742731593325 ] ] ] } },
{ "type": "Feature", "properties": { "event": "EMSR261", "subevent": "EMSR261_2017-07-29", "date": "2017-07-29", "height": 7218, "width": 14301 }, "geometry": { "type": "Polygon", "coordinates": [ [ [ 11.14192371071894, 51.887274291655032 ], [ 11.14192371071894, 52.797944514788703 ], [ 9.337615749921685, 52.797944514788703 ], [ 9.337615749921685, 51.887274291655032 ], [ 11.14192371071894, 51.887274291655032 ] ] ] } },
{ "type": "Feature", "properties": { "event": "EMSR261", "subevent": "EMSR261_2017-08-03", "date": "2017-08-03", "height": 6983, "width": 9166 }, "geometry": { "type": "Polygon", "coordinates": [ [ [ 11.136665438638145, 51.887203087369606 ], [ 11.136665438638145, 52.683364427381306 ], [ 10.091611043314179, 52.683364427381306 ], [ 10.091611043314179, 51.887203087369606 ], [ 11.136665438638145, 51.887203087369606 ] ] ] } },
{ "type": "Feature", "properties": { "event": "EMSR261", "subevent": "EMSR261_2017-08-06", "date": "2017-08-06", "height": 5141, "width": 7827 }, "geometry": { "type": "Polygon", "coordinates": [ [ [ 10.273352973606167, 52.184742731593325 ], [ 10.273352973606167, 52.797944514788703 ], [ 9.339773833930959, 52.797944514788703 ], [ 9.339773833930959, 52.184742731593325 ], [ 10.273352973606167, 52.184742731593325 ] ] ] } },
{ "type": "Feature", "properties": { "event": "EMSR261", "subevent": "EMSR261_2017-12-15", "date": "2017-12-15", "height": 6983, "width": 9166 }, "geometry": { "type": "Polygon", "coordinates": [ [ [ 11.136665438638145, 51.887203087369606 ], [ 11.136665438638145, 52.683364427381306 ], [ 10.091611043314179, 52.683364427381306 ], [ 10.091611043314179, 51.887203087369606 ], [ 11.136665438638145, 51.887203087369606 ] ] ] } },
{ "type": "Feature", "properties": { "event": "EMSR261", "subevent": "EMSR261_2017-12-16", "date": "2017-12-16", "height": 7218, "width": 14301 }, "geometry": { "type": "Polygon", "coordinates": [ [ [ 11.14192371071894, 51.887274291655032 ], [ 11.14192371071894, 52.797944514788703 ], [ 9.337615749921685, 52.797944514788703 ], [ 9.337615749921685, 51.887274291655032 ], [ 11.14192371071894, 51.887274291655032 ] ] ] } },
{ "type": "Feature", "properties": { "event": "EMSR261", "subevent": "EMSR261_2017-12-17", "date": "2017-12-17", "height": 7218, "width": 14301 }, "geometry": { "type": "Polygon", "coordinates": [ [ [ 11.14192371071894, 51.887274291655032 ], [ 11.14192371071894, 52.797944514788703 ], [ 9.337615749921685, 52.797944514788703 ], [ 9.337615749921685, 51.887274291655032 ], [ 11.14192371071894, 51.887274291655032 ] ] ] } },
{ "type": "Feature", "properties": { "event": "EMSR261", "subevent": "EMSR261_2017-12-18", "date": "2017-12-18", "height": 7218, "width": 14301 }, "geometry": { "type": "Polygon", "coordinates": [ [ [ 11.14192371071894, 51.887274291655032 ], [ 11.14192371071894, 52.797944514788703 ], [ 9.337615749921685, 52.797944514788703 ], [ 9.337615749921685, 51.887274291655032 ], [ 11.14192371071894, 51.887274291655032 ] ] ] } },
{ "type": "Feature", "properties": { "event": "EMSR261", "subevent": "EMSR261_2017-12-19", "date": "2017-12-19", "height": 7218, "width": 14301 }, "geometry": { "type": "Polygon", "coordinates": [ [ [ 11.14192371071894, 51.887274291655032 ], [ 11.14192371071894, 52.797944514788703 ], [ 9.337615749921685, 52.797944514788703 ], [ 9.337615749921685, 51.887274291655032 ], [ 11.14192371071894, 51.887274291655032 ] ] ] } },
{ "type": "Feature", "properties": { "event": "EMSR265", "subevent": "EMSR265_2018-01-22", "date": "2018-01-22", "height": 4213, "width": 5367 }, "geometry": { "type": "Polygon", "coordinates": [ [ [ 3.746454720703252, 47.689269759803189 ], [ 3.746454720703252, 48.154328492909038 ], [ 3.154009854674514, 48.154328492909038 ], [ 3.154009854674514, 47.689269759803189 ], [ 3.746454720703252, 47.689269759803189 ] ] ] } },
{ "type": "Feature", "properties": { "event": "EMSR265", "subevent": "EMSR265_2018-01-23", "date": "2018-01-23", "height": 11939, "width": 13189 }, "geometry": { "type": "Polygon", "coordinates": [ [ [ 3.758607670063737, 47.689265591513106 ], [ 3.758607670063737, 48.974936709612329 ], [ 2.338328218132196, 48.974936709612329 ], [ 2.338328218132196, 47.689265591513106 ], [ 3.758607670063737, 47.689265591513106 ] ] ] } },
{ "type": "Feature", "properties": { "event": "EMSR265", "subevent": "EMSR265_2018-01-24", "date": "2018-01-24", "height": 1119, "width": 1631 }, "geometry": { "type": "Polygon", "coordinates": [ [ [ 2.528647961320355, 48.600288839293327 ], [ 2.528647961320355, 48.728651559671221 ], [ 2.341552700429969, 48.728651559671221 ], [ 2.341552700429969, 48.600288839293327 ], [ 2.528647961320355, 48.600288839293327 ] ] ] } },
{ "type": "Feature", "properties": { "event": "EMSR265", "subevent": "EMSR265_2018-01-25", "date": "2018-01-25", "height": 13601, "width": 17939 }, "geometry": { "type": "Polygon", "coordinates": [ [ [ 4.688287956884173, 47.679988414190071 ], [ 4.688287956884173, 49.194747973386413 ], [ 2.690400174190022, 49.194747973386413 ], [ 2.690400174190022, 47.679988414190071 ], [ 4.688287956884173, 47.679988414190071 ] ] ] } },
{ "type": "Feature", "properties": { "event": "EMSR265", "subevent": "EMSR265_2018-01-26", "date": "2018-01-26", "height": 12998, "width": 21756 }, "geometry": { "type": "Polygon", "coordinates": [ [ [ 4.875448520143354, 47.677211525048953 ], [ 4.875448520143354, 49.194748322410597 ], [ 2.335401546501263, 49.194748322410597 ], [ 2.335401546501263, 47.677211525048953 ], [ 4.875448520143354, 47.677211525048953 ] ] ] } },
{ "type": "Feature", "properties": { "event": "EMSR265", "subevent": "EMSR265_2018-01-27", "date": "2018-01-27", "height": 12692, "width": 23577 }, "geometry": { "type": "Polygon", "coordinates": [ [ [ 4.506790143927179, 47.682392038406441 ], [ 4.506790143927179, 49.194747940984584 ], [ 1.697397210182708, 49.194747940984584 ], [ 1.697397210182708, 47.682392038406441 ], [ 4.506790143927179, 47.682392038406441 ] ] ] } },
{ "type": "Feature", "properties": { "event": "EMSR265", "subevent": "EMSR265_2018-01-28", "date": "2018-01-28", "height": 6229, "width": 18242 }, "geometry": { "type": "Polygon", "coordinates": [ [ [ 4.654525440241144, 47.939821427767136 ], [ 4.654525440241144, 48.729620089990782 ], [ 2.341552700429969, 48.729620089990782 ], [ 2.341552700429969, 47.939821427767136 ], [ 4.654525440241144, 47.939821427767136 ] ] ] } },
{ "type": "Feature", "properties": { "event": "EMSR265", "subevent": "EMSR265_2018-01-29", "date": "2018-01-29", "height": 2091, "width": 3760 }, "geometry": { "type": "Polygon", "coordinates": [ [ [ 2.152118288268621, 48.823253131579655 ], [ 2.152118288268621, 49.074426321364321 ], [ 1.700463006781128, 49.074426321364321 ], [ 1.700463006781128, 48.823253131579655 ], [ 2.152118288268621, 48.823253131579655 ] ] ] } },
{ "type": "Feature", "properties": { "event": "EMSR265", "subevent": "EMSR265_2018-01-31", "date": "2018-01-31", "height": 6262, "width": 12137 }, "geometry": { "type": "Polygon", "coordinates": [ [ [ 2.152055538013791, 48.807588341070215 ], [ 2.152055538013791, 49.574277678094241 ], [ 0.666059293449653, 49.574277678094241 ], [ 0.666059293449653, 48.807588341070215 ], [ 2.152055538013791, 48.807588341070215 ] ] ] } },
{ "type": "Feature", "properties": { "event": "EMSR265", "subevent": "EMSR265_2018-02-01", "date": "2018-02-01", "height": 6829, "width": 16846 }, "geometry": { "type": "Polygon", "coordinates": [ [ [ 2.152184896104389, 48.792959578868093 ], [ 2.152184896104389, 49.662720389163141 ], [ 0.006630552828588, 49.662720389163141 ], [ 0.006630552828588, 48.792959578868093 ], [ 2.152184896104389, 48.792959578868093 ] ] ] } },
{ "type": "Feature", "properties": { "event": "EMSR265", "subevent": "EMSR265_2018-02-02", "date": "2018-02-02", "height": 11301, "width": 20923 }, "geometry": { "type": "Polygon", "coordinates": [ [ [ 3.189895183137324, 48.214295393926562 ], [ 3.189895183137324, 49.577477986736405 ], [ 0.666059293449653, 49.577477986736405 ], [ 0.666059293449653, 48.214295393926562 ], [ 3.189895183137324, 48.214295393926562 ] ] ] } },
{ "type": "Feature", "properties": { "event": "EMSR265", "subevent": "EMSR265_2018-02-04", "date": "2018-02-04", "height": 6337, "width": 22030 }, "geometry": { "type": "Polygon", "coordinates": [ [ [ 2.911932524150214, 48.830176580717442 ], [ 2.911932524150214, 49.66589599026193 ], [ 0.006630552828588, 49.66589599026193 ], [ 0.006630552828588, 48.830176580717442 ], [ 2.911932524150214, 48.830176580717442 ] ] ] } },
{ "type": "Feature", "properties": { "event": "EMSR265", "subevent": "EMSR265_2018-02-05", "date": "2018-02-05", "height": 11301, "width": 20923 }, "geometry": { "type": "Polygon", "coordinates": [ [ [ 3.189895183137324, 48.214295393926562 ], [ 3.189895183137324, 49.577477986736405 ], [ 0.666059293449653, 49.577477986736405 ], [ 0.666059293449653, 48.214295393926562 ], [ 3.189895183137324, 48.214295393926562 ] ] ] } },
{ "type": "Feature", "properties": { "event": "EMSR267", "subevent": "EMSR267_2018-02-02", "date": "2018-02-02", "height": 1847, "width": 3934 }, "geometry": { "type": "Polygon", "coordinates": [ [ [ 21.709261847089412, 55.173926693102274 ], [ 21.709261847089412, 55.421492477517816 ], [ 21.18196147032128, 55.421492477517816 ], [ 21.18196147032128, 55.173926693102274 ], [ 21.709261847089412, 55.173926693102274 ] ] ] } },
{ "type": "Feature", "properties": { "event": "EMSR268", "subevent": "EMSR268_2018-02-04", "date": "2018-02-04", "height": 2474, "width": 5295 }, "geometry": { "type": "Polygon", "coordinates": [ [ [ 24.34436244976315, 56.378871419854676 ], [ 24.34436244976315, 56.711876859064141 ], [ 23.631644664551303, 56.711876859064141 ], [ 23.631644664551303, 56.378871419854676 ], [ 24.34436244976315, 56.378871419854676 ] ] ] } },
{ "type": "Feature", "properties": { "event": "EMSR271", "subevent": "EMSR271_2018-02-27", "date": "2018-02-27", "height": 7858, "width": 12276 }, "geometry": { "type": "Polygon", "coordinates": [ [ [ 22.847037853109907, 38.978361348851109 ], [ 22.847037853109907, 39.811990065118209 ], [ 21.544718418025294, 39.811990065118209 ], [ 21.544718418025294, 38.978361348851109 ], [ 22.847037853109907, 38.978361348851109 ] ] ] } },
{ "type": "Feature", "properties": { "event": "EMSR271", "subevent": "EMSR271_2018-02-28", "date": "2018-02-28", "height": 7858, "width": 12276 }, "geometry": { "type": "Polygon", "coordinates": [ [ [ 22.847037853109907, 38.978361348851109 ], [ 22.847037853109907, 39.811990065118209 ], [ 21.544718418025294, 39.811990065118209 ], [ 21.544718418025294, 38.978361348851109 ], [ 22.847037853109907, 38.978361348851109 ] ] ] } },
{ "type": "Feature", "properties": { "event": "EMSR271", "subevent": "EMSR271_2018-03-01", "date": "2018-03-01", "height": 7858, "width": 12276 }, "geometry": { "type": "Polygon", "coordinates": [ [ [ 22.847037853109907, 38.978361348851109 ], [ 22.847037853109907, 39.811990065118209 ], [ 21.544718418025294, 39.811990065118209 ], [ 21.544718418025294, 38.978361348851109 ], [ 22.847037853109907, 38.978361348851109 ] ] ] } },
{ "type": "Feature", "properties": { "event": "EMSR273", "subevent": "EMSR273_2018-03-11", "date": "2018-03-11", "height": 3349, "width": 3348 }, "geometry": { "type": "Polygon", "coordinates": [ [ [ 19.628423181473313, 41.838378809337641 ], [ 19.628423181473313, 42.181541854011506 ], [ 19.285362604116461, 42.181541854011506 ], [ 19.285362604116461, 41.838378809337641 ], [ 19.628423181473313, 41.838378809337641 ] ] ] } },
{ "type": "Feature", "properties": { "event": "EMSR273", "subevent": "EMSR273_2018-03-12", "date": "2018-03-12", "height": 3349, "width": 3348 }, "geometry": { "type": "Polygon", "coordinates": [ [ [ 19.628423181473313, 41.838378809337641 ], [ 19.628423181473313, 42.181541854011506 ], [ 19.285362604116461, 42.181541854011506 ], [ 19.285362604116461, 41.838378809337641 ], [ 19.628423181473313, 41.838378809337641 ] ] ] } },
{ "type": "Feature", "properties": { "event": "EMSR273", "subevent": "EMSR273_2018-03-14", "date": "2018-03-14", "height": 3349, "width": 3348 }, "geometry": { "type": "Polygon", "coordinates": [ [ [ 19.628423181473313, 41.838378809337641 ], [ 19.628423181473313, 42.181541854011506 ], [ 19.285362604116461, 42.181541854011506 ], [ 19.285362604116461, 41.838378809337641 ], [ 19.628423181473313, 41.838378809337641 ] ] ] } },
{ "type": "Feature", "properties": { "event": "EMSR273", "subevent": "EMSR273_2018-03-18", "date": "2018-03-18", "height": 3349, "width": 3348 }, "geometry": { "type": "Polygon", "coordinates": [ [ [ 19.628423181473313, 41.838378809337641 ], [ 19.628423181473313, 42.181541854011506 ], [ 19.285362604116461, 42.181541854011506 ], [ 19.285362604116461, 41.838378809337641 ], [ 19.628423181473313, 41.838378809337641 ] ] ] } },
{ "type": "Feature", "properties": { "event": "EMSR273", "subevent": "EMSR273_2018-03-22", "date": "2018-03-22", "height": 3349, "width": 3348 }, "geometry": { "type": "Polygon", "coordinates": [ [ [ 19.628423181473313, 41.838378809337641 ], [ 19.628423181473313, 42.181541854011506 ], [ 19.285362604116461, 42.181541854011506 ], [ 19.285362604116461, 41.838378809337641 ], [ 19.628423181473313, 41.838378809337641 ] ] ] } },
{ "type": "Feature", "properties": { "event": "EMSR275", "subevent": "EMSR275_2018-03-22", "date": "2018-03-22", "height": 5295, "width": 9768 }, "geometry": { "type": "Polygon", "coordinates": [ [ [ 17.243799559817383, 45.101321345278635 ], [ 17.243799559817383, 45.708292452007434 ], [ 16.124084022418536, 45.708292452007434 ], [ 16.124084022418536, 45.101321345278635 ], [ 17.243799559817383, 45.101321345278635 ] ] ] } },
{ "type": "Feature", "properties": { "event": "EMSR275", "subevent": "EMSR275_2018-03-24", "date": "2018-03-24", "height": 3948, "width": 6707 }, "geometry": { "type": "Polygon", "coordinates": [ [ [ 16.887016238068469, 45.26098076045988 ], [ 16.887016238068469, 45.708292452007434 ], [ 16.127107546272768, 45.708292452007434 ], [ 16.127107546272768, 45.26098076045988 ], [ 16.887016238068469, 45.26098076045988 ] ] ] } },
{ "type": "Feature", "properties": { "event": "EMSR275", "subevent": "EMSR275_2018-03-25", "date": "2018-03-25", "height": 5295, "width": 9768 }, "geometry": { "type": "Polygon", "coordinates": [ [ [ 17.243799559817383, 45.101321345278635 ], [ 17.243799559817383, 45.708292452007434 ], [ 16.124084022418536, 45.708292452007434 ], [ 16.124084022418536, 45.101321345278635 ], [ 17.243799559817383, 45.101321345278635 ] ] ] } },
{ "type": "Feature", "properties": { "event": "EMSR277", "subevent": "EMSR277_2018-03-27", "date": "2018-03-27", "height": 10383, "width": 8049 }, "geometry": { "type": "Polygon", "coordinates": [ [ [ 26.820990235142123, 40.795063077169189 ], [ 26.820990235142123, 41.817635304794045 ], [ 26.028282553339899, 41.817635304794045 ], [ 26.028282553339899, 40.795063077169189 ], [ 26.820990235142123, 40.795063077169189 ] ] ] } },
{ "type": "Feature", "properties": { "event": "EMSR277", "subevent": "EMSR277_2018-04-01", "date": "2018-04-01", "height": 10383, "width": 8049 }, "geometry": { "type": "Polygon", "coordinates": [ [ [ 26.820990235142123, 40.795063077169189 ], [ 26.820990235142123, 41.817635304794045 ], [ 26.028282553339899, 41.817635304794045 ], [ 26.028282553339899, 40.795063077169189 ], [ 26.820990235142123, 40.795063077169189 ] ] ] } },
{ "type": "Feature", "properties": { "event": "EMSR279", "subevent": "EMSR279_2018-04-13", "date": "2018-04-13", "height": 9259, "width": 16488 }, "geometry": { "type": "Polygon", "coordinates": [ [ [ 0.098281321315418, 41.113211243049662 ], [ 0.098281321315418, 42.128736799214273 ], [ -1.710119733878671, 42.128736799214273 ], [ -1.710119733878671, 41.113211243049662 ], [ 0.098281321315418, 41.113211243049662 ] ] ] } },
{ "type": "Feature", "properties": { "event": "EMSR279", "subevent": "EMSR279_2018-04-14", "date": "2018-04-14", "height": 18409, "width": 28920 }, "geometry": { "type": "Polygon", "coordinates": [ [ [ 0.146832765269625, 41.113163096640513 ], [ 0.146832765269625, 43.11087925982045 ], [ -2.991520835641006, 43.11087925982045 ], [ -2.991520835641006, 41.113163096640513 ], [ 0.146832765269625, 41.113163096640513 ] ] ] } },
{ "type": "Feature", "properties": { "event": "EMSR279", "subevent": "EMSR279_2018-04-15", "date": "2018-04-15", "height": 6954, "width": 11345 }, "geometry": { "type": "Polygon", "coordinates": [ [ [ -0.472877328140034, 41.373343070454368 ], [ -0.472877328140034, 42.128736799214273 ], [ -1.705253205732944, 42.128736799214273 ], [ -1.705253205732944, 41.373343070454368 ], [ -0.472877328140034, 41.373343070454368 ] ] ] } },
{ "type": "Feature", "properties": { "event": "EMSR279", "subevent": "EMSR279_2018-04-16", "date": "2018-04-16", "height": 3946, "width": 6305 }, "geometry": { "type": "Polygon", "coordinates": [ [ [ -0.485589359877968, 41.373237750109723 ], [ -0.485589359877968, 41.79973561631472 ], [ -1.167056426888232, 41.79973561631472 ], [ -1.167056426888232, 41.373237750109723 ], [ -0.485589359877968, 41.373237750109723 ] ] ] } },
{ "type": "Feature", "properties": { "event": "EMSR279", "subevent": "EMSR279_2018-04-17", "date": "2018-04-17", "height": 9259, "width": 16488 }, "geometry": { "type": "Polygon", "coordinates": [ [ [ 0.098281321315418, 41.113211243049662 ], [ 0.098281321315418, 42.128736799214273 ], [ -1.710119733878671, 42.128736799214273 ], [ -1.710119733878671, 41.113211243049662 ], [ 0.098281321315418, 41.113211243049662 ] ] ] } },
{ "type": "Feature", "properties": { "event": "EMSR279", "subevent": "EMSR279_2018-04-18", "date": "2018-04-18", "height": 4229, "width": 6031 }, "geometry": { "type": "Polygon", "coordinates": [ [ [ -1.119105365318348, 41.776698701252151 ], [ -1.119105365318348, 42.228843015549359 ], [ -1.763910841678354, 42.228843015549359 ], [ -1.763910841678354, 41.776698701252151 ], [ -1.119105365318348, 41.776698701252151 ] ] ] } },
{ "type": "Feature", "properties": { "event": "EMSR279", "subevent": "EMSR279_2018-04-19", "date": "2018-04-19", "height": 4193, "width": 6600 }, "geometry": { "type": "Polygon", "coordinates": [ [ [ 0.969165257261097, 40.459254655440496 ], [ 0.969165257261097, 40.9139747632831 ], [ 0.25341216597534, 40.9139747632831 ], [ 0.25341216597534, 40.459254655440496 ], [ 0.969165257261097, 40.459254655440496 ] ] ] } },
{ "type": "Feature", "properties": { "event": "EMSR280", "subevent": "EMSR280_2018-04-22", "date": "2018-04-22", "height": 6258, "width": 18816 }, "geometry": { "type": "Polygon", "coordinates": [ [ [ 16.383005677106482, 60.300051950216307 ], [ 16.383005677106482, 61.301477756909385 ], [ 13.372007278458829, 61.301477756909385 ], [ 13.372007278458829, 60.300051950216307 ], [ 16.383005677106482, 60.300051950216307 ] ] ] } },
{ "type": "Feature", "properties": { "event": "EMSR280", "subevent": "EMSR280_2018-04-23", "date": "2018-04-23", "height": 6258, "width": 18816 }, "geometry": { "type": "Polygon", "coordinates": [ [ [ 16.383005677106482, 60.300051950216307 ], [ 16.383005677106482, 61.301477756909385 ], [ 13.372007278458829, 61.301477756909385 ], [ 13.372007278458829, 60.300051950216307 ], [ 16.383005677106482, 60.300051950216307 ] ] ] } },
{ "type": "Feature", "properties": { "event": "EMSR280", "subevent": "EMSR280_2018-04-26", "date": "2018-04-26", "height": 4418, "width": 17746 }, "geometry": { "type": "Polygon", "coordinates": [ [ [ 16.373046685242251, 60.327887095259591 ], [ 16.373046685242251, 61.072085189169528 ], [ 13.383789244199757, 61.072085189169528 ], [ 13.383789244199757, 60.327887095259591 ], [ 16.373046685242251, 60.327887095259591 ] ] ] } },
{ "type": "Feature", "properties": { "event": "EMSR280", "subevent": "EMSR280_2018-04-27", "date": "2018-04-27", "height": 8754, "width": 8612 }, "geometry": { "type": "Polygon", "coordinates": [ [ [ 14.873818666152196, 60.305023204954068 ], [ 14.873818666152196, 61.301415461927036 ], [ 13.893589043459576, 61.301415461927036 ], [ 13.893589043459576, 60.305023204954068 ], [ 14.873818666152196, 60.305023204954068 ] ] ] } },
{ "type": "Feature", "properties": { "event": "EMSR280", "subevent": "EMSR280_2018-04-28", "date": "2018-04-28", "height": 2723, "width": 16546 }, "geometry": { "type": "Polygon", "coordinates": [ [ [ 16.302489289208118, 60.327796942680678 ], [ 16.302489289208118, 60.805922196231499 ], [ 13.397215530393627, 60.805922196231499 ], [ 13.397215530393627, 60.327796942680678 ], [ 16.302489289208118, 60.327796942680678 ] ] ] } },
{ "type": "Feature", "properties": { "event": "EMSR280", "subevent": "EMSR280_2018-04-29", "date": "2018-04-29", "height": 6550, "width": 16323 }, "geometry": { "type": "Polygon", "coordinates": [ [ [ 16.382966652171405, 60.302554126375419 ], [ 16.382966652171405, 61.301477322911744 ], [ 13.893589043459576, 61.301477322911744 ], [ 13.893589043459576, 60.302554126375419 ], [ 16.382966652171405, 60.302554126375419 ] ] ] } },
{ "type": "Feature", "properties": { "event": "EMSR280", "subevent": "EMSR280_2018-05-10", "date": "2018-05-10", "height": 6258, "width": 18816 }, "geometry": { "type": "Polygon", "coordinates": [ [ [ 16.383005677106482, 60.300051950216307 ], [ 16.383005677106482, 61.301477756909385 ], [ 13.372007278458829, 61.301477756909385 ], [ 13.372007278458829, 60.300051950216307 ], [ 16.383005677106482, 60.300051950216307 ] ] ] } },
{ "type": "Feature", "properties": { "event": "EMSR280", "subevent": "EMSR280_2018-05-13", "date": "2018-05-13", "height": 6258, "width": 18816 }, "geometry": { "type": "Polygon", "coordinates": [ [ [ 16.383005677106482, 60.300051950216307 ], [ 16.383005677106482, 61.301477756909385 ], [ 13.372007278458829, 61.301477756909385 ], [ 13.372007278458829, 60.300051950216307 ], [ 16.383005677106482, 60.300051950216307 ] ] ] } },
{ "type": "Feature", "properties": { "event": "EMSR280", "subevent": "EMSR280_2018-05-16", "date": "2018-05-16", "height": 7621, "width": 11430 }, "geometry": { "type": "Polygon", "coordinates": [ [ [ 14.873940710263501, 60.299995163927946 ], [ 14.873940710263501, 61.301415521214331 ], [ 13.372007278458829, 61.301415521214331 ], [ 13.372007278458829, 60.299995163927946 ], [ 14.873940710263501, 60.299995163927946 ] ] ] } },
{ "type": "Feature", "properties": { "event": "EMSR280", "subevent": "EMSR280_2018-05-17", "date": "2018-05-17", "height": 6041, "width": 7901 }, "geometry": { "type": "Polygon", "coordinates": [ [ [ 16.372931878864524, 60.330428493478408 ], [ 16.372931878864524, 61.071453828209542 ], [ 15.403747775287194, 61.071453828209542 ], [ 15.403747775287194, 60.330428493478408 ], [ 16.372931878864524, 60.330428493478408 ] ] ] } },
{ "type": "Feature", "properties": { "event": "EMSR283", "subevent": "EMSR283_2018-05-12", "date": "2018-05-12", "height": 15645, "width": 24612 }, "geometry": { "type": "Polygon", "coordinates": [ [ [ 12.489986939722098, 59.840518964894898 ], [ 12.489986939722098, 61.86531544492275 ], [ 9.304669524161502, 61.86531544492275 ], [ 9.304669524161502, 59.840518964894898 ], [ 12.489986939722098, 59.840518964894898 ] ] ] } },
{ "type": "Feature", "properties": { "event": "EMSR283", "subevent": "EMSR283_2018-05-13", "date": "2018-05-13", "height": 15645, "width": 24612 }, "geometry": { "type": "Polygon", "coordinates": [ [ [ 12.489986939722098, 59.840518964894898 ], [ 12.489986939722098, 61.86531544492275 ], [ 9.304669524161502, 61.86531544492275 ], [ 9.304669524161502, 59.840518964894898 ], [ 12.489986939722098, 59.840518964894898 ] ] ] } },
{ "type": "Feature", "properties": { "event": "EMSR283", "subevent": "EMSR283_2018-05-14", "date": "2018-05-14", "height": 15645, "width": 24612 }, "geometry": { "type": "Polygon", "coordinates": [ [ [ 12.489986939722098, 59.840518964894898 ], [ 12.489986939722098, 61.86531544492275 ], [ 9.304669524161502, 61.86531544492275 ], [ 9.304669524161502, 59.840518964894898 ], [ 12.489986939722098, 59.840518964894898 ] ] ] } },
{ "type": "Feature", "properties": { "event": "EMSR284", "subevent": "EMSR284_2018-05-17", "date": "2018-05-17", "height": 6044, "width": 7802 }, "geometry": { "type": "Polygon", "coordinates": [ [ [ 24.430226670280781, 65.780713138787789 ], [ 24.430226670280781, 66.50742080451171 ], [ 23.492143743745704, 66.50742080451171 ], [ 23.492143743745704, 65.780713138787789 ], [ 24.430226670280781, 65.780713138787789 ] ] ] } },
{ "type": "Feature", "properties": { "event": "EMSR284", "subevent": "EMSR284_2018-05-18", "date": "2018-05-18", "height": 6044, "width": 7802 }, "geometry": { "type": "Polygon", "coordinates": [ [ [ 24.430226670280781, 65.780713138787789 ], [ 24.430226670280781, 66.50742080451171 ], [ 23.492143743745704, 66.50742080451171 ], [ 23.492143743745704, 65.780713138787789 ], [ 24.430226670280781, 65.780713138787789 ] ] ] } },
{ "type": "Feature", "properties": { "event": "EMSR284", "subevent": "EMSR284_2018-05-19", "date": "2018-05-19", "height": 704, "width": 1609 }, "geometry": { "type": "Polygon", "coordinates": [ [ [ 24.347458023489597, 65.781422243937541 ], [ 24.347458023489597, 65.899908473244651 ], [ 24.076656399973764, 65.899908473244651 ], [ 24.076656399973764, 65.781422243937541 ], [ 24.347458023489597, 65.781422243937541 ] ] ] } },
{ "type": "Feature", "properties": { "event": "EMSR292", "subevent": "EMSR292_2018-06-29", "date": "2018-06-29", "height": 2567, "width": 4061 }, "geometry": { "type": "Polygon", "coordinates": [ [ [ 24.975838266078068, 40.832892250210456 ], [ 24.975838266078068, 41.112083904810071 ], [ 24.534156415930415, 41.112083904810071 ], [ 24.534156415930415, 40.832892250210456 ], [ 24.975838266078068, 40.832892250210456 ] ] ] } },
{ "type": "Feature", "properties": { "event": "EMSR292", "subevent": "EMSR292_2018-06-30", "date": "2018-06-30", "height": 2567, "width": 4061 }, "geometry": { "type": "Polygon", "coordinates": [ [ [ 24.975838266078068, 40.832892250210456 ], [ 24.975838266078068, 41.112083904810071 ], [ 24.534156415930415, 41.112083904810071 ], [ 24.534156415930415, 40.832892250210456 ], [ 24.975838266078068, 40.832892250210456 ] ] ] } },
{ "type": "Feature", "properties": { "event": "EMSR293", "subevent": "EMSR293_2018-07-02", "date": "2018-07-02", "height": 20940, "width": 16416 }, "geometry": { "type": "Polygon", "coordinates": [ [ [ 27.347163748294452, 45.719064090321979 ], [ 27.347163748294452, 47.826748607590538 ], [ 25.69483571412632, 47.826748607590538 ], [ 25.69483571412632, 45.719064090321979 ], [ 27.347163748294452, 45.719064090321979 ] ] ] } },
{ "type": "Feature", "properties": { "event": "EMSR293", "subevent": "EMSR293_2018-07-03", "date": "2018-07-03", "height": 21808, "width": 17708 }, "geometry": { "type": "Polygon", "coordinates": [ [ [ 27.347223238032118, 45.619452252980288 ], [ 27.347223238032118, 47.826748417876729 ], [ 25.554908468773764, 47.826748417876729 ], [ 25.554908468773764, 45.619452252980288 ], [ 27.347223238032118, 45.619452252980288 ] ] ] } },
{ "type": "Feature", "properties": { "event": "EMSR293", "subevent": "EMSR293_2018-07-04", "date": "2018-07-04", "height": 21808, "width": 17708 }, "geometry": { "type": "Polygon", "coordinates": [ [ [ 27.347223238032118, 45.619452252980288 ], [ 27.347223238032118, 47.826748417876729 ], [ 25.554908468773764, 47.826748417876729 ], [ 25.554908468773764, 45.619452252980288 ], [ 27.347223238032118, 45.619452252980288 ] ] ] } },
{ "type": "Feature", "properties": { "event": "EMSR314", "subevent": "EMSR314_2018-09-20", "date": "2018-09-20", "height": 13250, "width": 14753 }, "geometry": { "type": "Polygon", "coordinates": [ [ [ 7.006180038965768, 7.720183499040315 ], [ 7.006180038965768, 8.920099396437035 ], [ 5.670152926943595, 8.920099396437035 ], [ 5.670152926943595, 7.720183499040315 ], [ 7.006180038965768, 7.720183499040315 ] ] ] } },
{ "type": "Feature", "properties": { "event": "EMSR314", "subevent": "EMSR314_2018-09-22", "date": "2018-09-22", "height": 6895, "width": 3804 }, "geometry": { "type": "Polygon", "coordinates": [ [ [ 6.962037734267473, 5.977540474938142 ], [ 6.962037734267473, 6.600728084261704 ], [ 6.61822255430129, 6.600728084261704 ], [ 6.61822255430129, 5.977540474938142 ], [ 6.962037734267473, 5.977540474938142 ] ] ] } },
{ "type": "Feature", "properties": { "event": "EMSR324", "subevent": "EMSR324_2018-10-16", "date": "2018-10-16", "height": 2082, "width": 8274 }, "geometry": { "type": "Polygon", "coordinates": [ [ [ 3.260276929571842, 43.100853511261882 ], [ 3.260276929571842, 43.35102595477786 ], [ 2.266075777962242, 43.35102595477786 ], [ 2.266075777962242, 43.100853511261882 ], [ 3.260276929571842, 43.100853511261882 ] ] ] } },
{ "type": "Feature", "properties": { "event": "EMSR324", "subevent": "EMSR324_2018-10-17", "date": "2018-10-17", "height": 2082, "width": 8274 }, "geometry": { "type": "Polygon", "coordinates": [ [ [ 3.260276929571842, 43.100853511261882 ], [ 3.260276929571842, 43.35102595477786 ], [ 2.266075777962242, 43.35102595477786 ], [ 2.266075777962242, 43.100853511261882 ], [ 3.260276929571842, 43.100853511261882 ] ] ] } },
{ "type": "Feature", "properties": { "event": "EMSR324", "subevent": "EMSR324_2018-10-18", "date": "2018-10-18", "height": 1560, "width": 4245 }, "geometry": { "type": "Polygon", "coordinates": [ [ [ 3.260171678173556, 43.133441735577151 ], [ 3.260171678173556, 43.316304428541073 ], [ 2.762574157896729, 43.316304428541073 ], [ 2.762574157896729, 43.133441735577151 ], [ 3.260171678173556, 43.133441735577151 ] ] ] } },
{ "type": "Feature", "properties": { "event": "EMSR324", "subevent": "EMSR324_2018-10-20", "date": "2018-10-20", "height": 694, "width": 1555 }, "geometry": { "type": "Polygon", "coordinates": [ [ [ 3.119849541165502, 43.196678279634575 ], [ 3.119849541165502, 43.276571734002211 ], [ 2.940837550471441, 43.276571734002211 ], [ 2.940837550471441, 43.196678279634575 ], [ 3.119849541165502, 43.196678279634575 ] ] ] } },
{ "type": "Feature", "properties": { "event": "EMSR324", "subevent": "EMSR324_2018-10-21", "date": "2018-10-21", "height": 946, "width": 1242 }, "geometry": { "type": "Polygon", "coordinates": [ [ [ 2.47654326525272, 43.189800477808078 ], [ 2.47654326525272, 43.291441806869912 ], [ 2.343098729634539, 43.291441806869912 ], [ 2.343098729634539, 43.189800477808078 ], [ 2.47654326525272, 43.189800477808078 ] ] ] } },
{ "type": "Feature", "properties": { "event": "EMSR329", "subevent": "EMSR329_2018-10-15", "date": "2018-10-15", "height": 1643, "width": 1279 }, "geometry": { "type": "Polygon", "coordinates": [ [ [ 9.067961932198873, 39.133590383657655 ], [ 9.067961932198873, 39.294051020335196 ], [ 8.943050700116967, 39.294051020335196 ], [ 8.943050700116967, 39.133590383657655 ], [ 9.067961932198873, 39.133590383657655 ] ] ] } },
{ "type": "Feature", "properties": { "event": "EMSR329", "subevent": "EMSR329_2018-10-25", "date": "2018-10-25", "height": 2366, "width": 1514 }, "geometry": { "type": "Polygon", "coordinates": [ [ [ 9.632808291372989, 39.223925466707229 ], [ 9.632808291372989, 39.45007269323807 ], [ 9.488097006095012, 39.45007269323807 ], [ 9.488097006095012, 39.223925466707229 ], [ 9.632808291372989, 39.223925466707229 ] ] ] } },
{ "type": "Feature", "properties": { "event": "EMSR330", "subevent": "EMSR330_2018-10-19", "date": "2018-10-19", "height": 2540, "width": 5385 }, "geometry": { "type": "Polygon", "coordinates": [ [ [ 15.144751105841005, 37.189567790104789 ], [ 15.144751105841005, 37.462602709862885 ], [ 14.565895577141257, 37.462602709862885 ], [ 14.565895577141257, 37.189567790104789 ], [ 15.144751105841005, 37.189567790104789 ] ] ] } },
{ "type": "Feature", "properties": { "event": "EMSR330", "subevent": "EMSR330_2018-10-26", "date": "2018-10-26", "height": 2494, "width": 7886 }, "geometry": { "type": "Polygon", "coordinates": [ [ [ 15.144731025892696, 37.18825987583115 ], [ 15.144731025892696, 37.462947538108686 ], [ 14.276171721674311, 37.462947538108686 ], [ 14.276171721674311, 37.18825987583115 ], [ 15.144731025892696, 37.18825987583115 ] ] ] } },
{ "type": "Feature", "properties": { "event": "EMSR332", "subevent": "EMSR332_2018-11-02", "date": "2018-11-02", "height": 9549, "width": 17556 }, "geometry": { "type": "Polygon", "coordinates": [ [ [ 12.796101066205424, 45.146261788675311 ], [ 12.796101066205424, 46.265157926187278 ], [ 10.738991359413081, 46.265157926187278 ], [ 10.738991359413081, 45.146261788675311 ], [ 12.796101066205424, 45.146261788675311 ] ] ] } },
{ "type": "Feature", "properties": { "event": "EMSR332", "subevent": "EMSR332_2018-11-03", "date": "2018-11-03", "height": 9549, "width": 17556 }, "geometry": { "type": "Polygon", "coordinates": [ [ [ 12.796101066205424, 45.146261788675311 ], [ 12.796101066205424, 46.265157926187278 ], [ 10.738991359413081, 46.265157926187278 ], [ 10.738991359413081, 45.146261788675311 ], [ 12.796101066205424, 45.146261788675311 ] ] ] } },
{ "type": "Feature", "properties": { "event": "EMSR333", "subevent": "EMSR333_2018-11-04", "date": "2018-11-04", "height": 1297, "width": 1517 }, "geometry": { "type": "Polygon", "coordinates": [ [ [ 13.471716335624262, 37.425917281908823 ], [ 13.471716335624262, 37.557957811080314 ], [ 13.317278800733627, 37.557957811080314 ], [ 13.317278800733627, 37.425917281908823 ], [ 13.471716335624262, 37.425917281908823 ] ] ] } },
{ "type": "Feature", "properties": { "event": "EMSR333", "subevent": "EMSR333_2018-11-06", "date": "2018-11-06", "height": 1272, "width": 1523 }, "geometry": { "type": "Polygon", "coordinates": [ [ [ 13.32237624218331, 37.432219937165101 ], [ 13.32237624218331, 37.562111596567227 ], [ 13.166853445587842, 37.562111596567227 ], [ 13.166853445587842, 37.432219937165101 ], [ 13.32237624218331, 37.432219937165101 ] ] ] } },
{ "type": "Feature", "properties": { "event": "EMSR339", "subevent": "EMSR339_2019-01-24", "date": "2019-01-24", "height": 21962, "width": 24004 }, "geometry": { "type": "Polygon", "coordinates": [ [ [ 36.995694423127937, -19.857328791978045 ], [ 36.995694423127937, -17.820640988076526 ], [ 34.769637868859107, -17.820640988076526 ], [ 34.769637868859107, -19.857328791978045 ], [ 36.995694423127937, -19.857328791978045 ] ] ] } },
{ "type": "Feature", "properties": { "event": "EMSR339", "subevent": "EMSR339_2019-01-25", "date": "2019-01-25", "height": 699, "width": 995 }, "geometry": { "type": "Polygon", "coordinates": [ [ [ 36.948732223203258, -17.887415444667823 ], [ 36.948732223203258, -17.822464668431927 ], [ 36.856277255599942, -17.822464668431927 ], [ 36.856277255599942, -17.887415444667823 ], [ 36.948732223203258, -17.887415444667823 ] ] ] } },
{ "type": "Feature", "properties": { "event": "EMSR342", "subevent": "EMSR342_2019-02-02", "date": "2019-02-02", "height": 3177, "width": 3109 }, "geometry": { "type": "Polygon", "coordinates": [ [ [ 146.874519466710126, -19.460389444252357 ], [ 146.874519466710126, -19.166112059225846 ], [ 146.586540747777974, -19.166112059225846 ], [ 146.586540747777974, -19.460389444252357 ], [ 146.874519466710126, -19.460389444252357 ] ] ] } },
{ "type": "Feature", "properties": { "event": "EMSR342", "subevent": "EMSR342_2019-02-04", "date": "2019-02-04", "height": 3177, "width": 3109 }, "geometry": { "type": "Polygon", "coordinates": [ [ [ 146.874519466710126, -19.460389444252357 ], [ 146.874519466710126, -19.166112059225846 ], [ 146.586540747777974, -19.166112059225846 ], [ 146.586540747777974, -19.460389444252357 ], [ 146.874519466710126, -19.460389444252357 ] ] ] } },
{ "type": "Feature", "properties": { "event": "EMSR342", "subevent": "EMSR342_2019-02-05", "date": "2019-02-05", "height": 1846, "width": 2376 }, "geometry": { "type": "Polygon", "coordinates": [ [ [ 146.621306574670712, -19.29228709040213 ], [ 146.621306574670712, -19.120165583876812 ], [ 146.399767734202584, -19.120165583876812 ], [ 146.399767734202584, -19.29228709040213 ], [ 146.621306574670712, -19.29228709040213 ] ] ] } },
{ "type": "Feature", "properties": { "event": "EMSR342", "subevent": "EMSR342_2019-02-06", "date": "2019-02-06", "height": 3177, "width": 3109 }, "geometry": { "type": "Polygon", "coordinates": [ [ [ 146.874519466710126, -19.460389444252357 ], [ 146.874519466710126, -19.166112059225846 ], [ 146.586540747777974, -19.166112059225846 ], [ 146.586540747777974, -19.460389444252357 ], [ 146.874519466710126, -19.460389444252357 ] ] ] } },
{ "type": "Feature", "properties": { "event": "EMSR342", "subevent": "EMSR342_2019-02-08", "date": "2019-02-08", "height": 3131, "width": 4069 }, "geometry": { "type": "Polygon", "coordinates": [ [ [ 140.693107511941491, -20.859370844292794 ], [ 140.693107511941491, -20.56572695488887 ], [ 140.311492377484598, -20.56572695488887 ], [ 140.311492377484598, -20.859370844292794 ], [ 140.693107511941491, -20.859370844292794 ] ] ] } },
{ "type": "Feature", "properties": { "event": "EMSR342", "subevent": "EMSR342_2019-02-09", "date": "2019-02-09", "height": 37460, "width": 32560 }, "geometry": { "type": "Polygon", "coordinates": [ [ [ 143.317272356821434, -20.886978595790129 ], [ 143.317272356821434, -17.428711302348596 ], [ 140.311367843354901, -17.428711302348596 ], [ 140.311367843354901, -20.886978595790129 ], [ 143.317272356821434, -20.886978595790129 ] ] ] } },
{ "type": "Feature", "properties": { "event": "EMSR342", "subevent": "EMSR342_2019-02-10", "date": "2019-02-10", "height": 4013, "width": 18316 }, "geometry": { "type": "Polygon", "coordinates": [ [ [ 143.317279104866543, -20.886151222227152 ], [ 143.317279104866543, -20.501895980638974 ], [ 141.563474219511676, -20.501895980638974 ], [ 141.563474219511676, -20.886151222227152 ], [ 143.317279104866543, -20.886151222227152 ] ] ] } },
{ "type": "Feature", "properties": { "event": "EMSR342", "subevent": "EMSR342_2019-02-11", "date": "2019-02-11", "height": 3131, "width": 4069 }, "geometry": { "type": "Polygon", "coordinates": [ [ [ 140.693107511941491, -20.859370844292794 ], [ 140.693107511941491, -20.56572695488887 ], [ 140.311492377484598, -20.56572695488887 ], [ 140.311492377484598, -20.859370844292794 ], [ 140.693107511941491, -20.859370844292794 ] ] ] } },
{ "type": "Feature", "properties": { "event": "EMSR342", "subevent": "EMSR342_2019-02-13", "date": "2019-02-13", "height": 11211, "width": 5682 }, "geometry": { "type": "Polygon", "coordinates": [ [ [ 141.182916763679827, -18.463443266881445 ], [ 141.182916763679827, -17.441365420120665 ], [ 140.664903533344017, -17.441365420120665 ], [ 140.664903533344017, -18.463443266881445 ], [ 141.182916763679827, -18.463443266881445 ] ] ] } },
{ "type": "Feature", "properties": { "event": "EMSR342", "subevent": "EMSR342_2019-02-14", "date": "2019-02-14", "height": 5457, "width": 5602 }, "geometry": { "type": "Polygon", "coordinates": [ [ [ 141.18286443527137, -18.463511721965553 ], [ 141.18286443527137, -17.958957458129788 ], [ 140.664903470270815, -17.958957458129788 ], [ 140.664903470270815, -18.463511721965553 ], [ 141.18286443527137, -18.463511721965553 ] ] ] } },
{ "type": "Feature", "properties": { "event": "EMSR342", "subevent": "EMSR342_2019-02-16", "date": "2019-02-16", "height": 11211, "width": 5682 }, "geometry": { "type": "Polygon", "coordinates": [ [ [ 141.182916763679827, -18.463443266881445 ], [ 141.182916763679827, -17.441365420120665 ], [ 140.664903533344017, -17.441365420120665 ], [ 140.664903533344017, -18.463443266881445 ], [ 141.182916763679827, -18.463443266881445 ] ] ] } },
{ "type": "Feature", "properties": { "event": "EMSR347", "subevent": "EMSR347_2019-03-10", "date": "2019-03-10", "height": 6238, "width": 15142 }, "geometry": { "type": "Polygon", "coordinates": [ [ [ 35.7546946938647, -15.812444545097557 ], [ 35.7546946938647, -15.233596646145614 ], [ 34.349610550560705, -15.233596646145614 ], [ 34.349610550560705, -15.812444545097557 ], [ 35.7546946938647, -15.812444545097557 ] ] ] } },
{ "type": "Feature", "properties": { "event": "EMSR347", "subevent": "EMSR347_2019-03-11", "date": "2019-03-11", "height": 4552, "width": 2928 }, "geometry": { "type": "Polygon", "coordinates": [ [ [ 35.375914373162935, -14.758387320269168 ], [ 35.375914373162935, -14.343938078719907 ], [ 35.109326636067976, -14.343938078719907 ], [ 35.109326636067976, -14.758387320269168 ], [ 35.375914373162935, -14.758387320269168 ] ] ] } },
{ "type": "Feature", "properties": { "event": "EMSR347", "subevent": "EMSR347_2019-03-12", "date": "2019-03-12", "height": 6170, "width": 7733 }, "geometry": { "type": "Polygon", "coordinates": [ [ [ 35.754644091293919, -15.806945188649287 ], [ 35.754644091293919, -15.238855293248291 ], [ 35.042644227252445, -15.238855293248291 ], [ 35.042644227252445, -15.806945188649287 ], [ 35.754644091293919, -15.806945188649287 ] ] ] } },
{ "type": "Feature", "properties": { "event": "EMSR349", "subevent": "EMSR349_2019-03-21", "date": "2019-03-21", "height": 4394, "width": 3471 }, "geometry": { "type": "Polygon", "coordinates": [ [ [ 33.021274730085331, -20.092393983192565 ], [ 33.021274730085331, -19.687070195542422 ], [ 32.701092921497789, -19.687070195542422 ], [ 32.701092921497789, -20.092393983192565 ], [ 33.021274730085331, -20.092393983192565 ] ] ] } },
{ "type": "Feature", "properties": { "event": "EMSR349", "subevent": "EMSR349_2019-03-22", "date": "2019-03-22", "height": 2561, "width": 2725 }, "geometry": { "type": "Polygon", "coordinates": [ [ [ 31.716296789158037, -19.410035590975212 ], [ 31.716296789158037, -19.172454462459175 ], [ 31.463501562603486, -19.172454462459175 ], [ 31.463501562603486, -19.410035590975212 ], [ 31.716296789158037, -19.410035590975212 ] ] ] } },
{ "type": "Feature", "properties": { "event": "EMSR349", "subevent": "EMSR349_2019-03-26", "date": "2019-03-26", "height": 11559, "width": 12736 }, "geometry": { "type": "Polygon", "coordinates": [ [ [ 32.751062148616107, -20.248397958474165 ], [ 32.751062148616107, -19.173343580323284 ], [ 31.566539909656889, -19.173343580323284 ], [ 31.566539909656889, -20.248397958474165 ], [ 32.751062148616107, -20.248397958474165 ] ] ] } },
{ "type": "Feature", "properties": { "event": "EMSR352", "subevent": "EMSR352_2019-04-08", "date": "2019-04-08", "height": 571, "width": 805 }, "geometry": { "type": "Polygon", "coordinates": [ [ [ 48.489582526422687, 31.442785505637818 ], [ 48.489582526422687, 31.499748474793982 ], [ 48.409275713514255, 31.499748474793982 ], [ 48.409275713514255, 31.442785505637818 ], [ 48.489582526422687, 31.442785505637818 ] ] ] } },
{ "type": "Feature", "properties": { "event": "EMSR352", "subevent": "EMSR352_2019-04-11", "date": "2019-04-11", "height": 13103, "width": 9124 }, "geometry": { "type": "Polygon", "coordinates": [ [ [ 48.92698536574472, 31.223766378493664 ], [ 48.92698536574472, 32.463389033660256 ], [ 48.063800056598723, 32.463389033660256 ], [ 48.063800056598723, 31.223766378493664 ], [ 48.92698536574472, 31.223766378493664 ] ] ] } },
{ "type": "Feature", "properties": { "event": "EMSR352", "subevent": "EMSR352_2019-04-12", "date": "2019-04-12", "height": 2314, "width": 3073 }, "geometry": { "type": "Polygon", "coordinates": [ [ [ 48.398394841068225, 30.273537632515989 ], [ 48.398394841068225, 30.501845341838369 ], [ 48.095201413778824, 30.501845341838369 ], [ 48.095201413778824, 30.273537632515989 ], [ 48.398394841068225, 30.273537632515989 ] ] ] } },
{ "type": "Feature", "properties": { "event": "EMSR352", "subevent": "EMSR352_2019-04-13", "date": "2019-04-13", "height": 4381, "width": 2518 }, "geometry": { "type": "Polygon", "coordinates": [ [ [ 48.378870946030005, 31.533078266070927 ], [ 48.378870946030005, 31.942466618916097 ], [ 48.143573097944149, 31.942466618916097 ], [ 48.143573097944149, 31.533078266070927 ], [ 48.378870946030005, 31.533078266070927 ] ] ] } },
{ "type": "Feature", "properties": { "event": "EMSR352", "subevent": "EMSR352_2019-04-14", "date": "2019-04-14", "height": 2173, "width": 2505 }, "geometry": { "type": "Polygon", "coordinates": [ [ [ 49.261742618074898, 30.411434751725718 ], [ 49.261742618074898, 30.623652667117266 ], [ 49.01710116475882, 30.623652667117266 ], [ 49.01710116475882, 30.411434751725718 ], [ 49.261742618074898, 30.411434751725718 ] ] ] } },
{ "type": "Feature", "properties": { "event": "EMSR358", "subevent": "EMSR358_2019-05-16", "date": "2019-05-16", "height": 3940, "width": 10860 }, "geometry": { "type": "Polygon", "coordinates": [ [ [ 17.645766776795949, 44.823136122315816 ], [ 17.645766776795949, 45.295785104307541 ], [ 16.342983034554805, 45.295785104307541 ], [ 16.342983034554805, 44.823136122315816 ], [ 17.645766776795949, 44.823136122315816 ] ] ] } },
{ "type": "Feature", "properties": { "event": "EMSR358", "subevent": "EMSR358_2019-05-17", "date": "2019-05-17", "height": 1914, "width": 11495 }, "geometry": { "type": "Polygon", "coordinates": [ [ [ 18.827204237198501, 44.940959774027576 ], [ 18.827204237198501, 45.180609977838529 ], [ 17.38792571431086, 45.180609977838529 ], [ 17.38792571431086, 44.940959774027576 ], [ 18.827204237198501, 44.940959774027576 ] ] ] } },
{ "type": "Feature", "properties": { "event": "EMSR359", "subevent": "EMSR359_2019-05-12", "date": "2019-05-12", "height": 1216, "width": 2226 }, "geometry": { "type": "Polygon", "coordinates": [ [ [ 11.024082165984835, 44.583995650361736 ], [ 11.024082165984835, 44.722048662815382 ], [ 10.771363411279388, 44.722048662815382 ], [ 10.771363411279388, 44.583995650361736 ], [ 11.024082165984835, 44.583995650361736 ] ] ] } },
{ "type": "Feature", "properties": { "event": "EMSR359", "subevent": "EMSR359_2019-05-13", "date": "2019-05-13", "height": 1216, "width": 2226 }, "geometry": { "type": "Polygon", "coordinates": [ [ [ 11.024082165984835, 44.583995650361736 ], [ 11.024082165984835, 44.722048662815382 ], [ 10.771363411279388, 44.722048662815382 ], [ 10.771363411279388, 44.583995650361736 ], [ 11.024082165984835, 44.583995650361736 ] ] ] } },
{ "type": "Feature", "properties": { "event": "EMSR388", "subevent": "EMSR388_2019-09-13", "date": "2019-09-13", "height": 12902, "width": 10365 }, "geometry": { "type": "Polygon", "coordinates": [ [ [ -0.182980955782932, 37.704745863539564 ], [ -0.182980955782932, 38.953972829084677 ], [ -1.186564702324175, 38.953972829084677 ], [ -1.186564702324175, 37.704745863539564 ], [ -0.182980955782932, 37.704745863539564 ] ] ] } },
{ "type": "Feature", "properties": { "event": "EMSR388", "subevent": "EMSR388_2019-09-14", "date": "2019-09-14", "height": 3647, "width": 8830 }, "geometry": { "type": "Polygon", "coordinates": [ [ [ -0.606866988735659, 37.902874742043259 ], [ -0.606866988735659, 38.301007692246557 ], [ -1.570813780700323, 38.301007692246557 ], [ -1.570813780700323, 37.902874742043259 ], [ -0.606866988735659, 37.902874742043259 ] ] ] } },
{ "type": "Feature", "properties": { "event": "EMSR388", "subevent": "EMSR388_2019-09-16", "date": "2019-09-16", "height": 10365, "width": 13503 }, "geometry": { "type": "Polygon", "coordinates": [ [ [ -0.182935816707319, 37.894197821202653 ], [ -0.182935816707319, 38.959542016830547 ], [ -1.570812582125888, 38.959542016830547 ], [ -1.570812582125888, 37.894197821202653 ], [ -0.182935816707319, 37.894197821202653 ] ] ] } },
{ "type": "Feature", "properties": { "event": "EMSR388", "subevent": "EMSR388_2019-09-18", "date": "2019-09-18", "height": 4800, "width": 6184 }, "geometry": { "type": "Polygon", "coordinates": [ [ [ -0.65050486506351, 37.708400955465976 ], [ -0.65050486506351, 38.199708364313359 ], [ -1.28347257679522, 38.199708364313359 ], [ -1.28347257679522, 37.708400955465976 ], [ -0.65050486506351, 37.708400955465976 ] ] ] } },
{ "type": "Feature", "properties": { "event": "EMSR388", "subevent": "EMSR388_2019-09-22", "date": "2019-09-22", "height": 908, "width": 1355 }, "geometry": { "type": "Polygon", "coordinates": [ [ [ -0.65042509314176, 38.09696565212861 ], [ -0.65042509314176, 38.191597104380222 ], [ -0.791642733891687, 38.191597104380222 ], [ -0.791642733891687, 38.09696565212861 ], [ -0.65042509314176, 38.09696565212861 ] ] ] } },
{ "type": "Feature", "properties": { "event": "EMSR392", "subevent": "EMSR392_2019-10-02", "date": "2019-10-02", "height": 965, "width": 680 }, "geometry": { "type": "Polygon", "coordinates": [ [ [ 105.800914367573654, 9.988315568852132 ], [ 105.800914367573654, 10.075842177913646 ], [ 105.739237586058806, 10.075842177913646 ], [ 105.739237586058806, 9.988315568852132 ], [ 105.800914367573654, 9.988315568852132 ] ] ] } },
{ "type": "Feature", "properties": { "event": "EMSR392", "subevent": "EMSR392_2019-10-04", "date": "2019-10-04", "height": 965, "width": 680 }, "geometry": { "type": "Polygon", "coordinates": [ [ [ 105.800914367573654, 9.988315568852132 ], [ 105.800914367573654, 10.075842177913646 ], [ 105.739237586058806, 10.075842177913646 ], [ 105.739237586058806, 9.988315568852132 ], [ 105.800914367573654, 9.988315568852132 ] ] ] } },
{ "type": "Feature", "properties": { "event": "EMSR397", "subevent": "EMSR397_2019-10-23", "date": "2019-10-23", "height": 4857, "width": 10569 }, "geometry": { "type": "Polygon", "coordinates": [ [ [ 1.432968358521768, 41.333369659277373 ], [ 1.432968358521768, 41.884591958211551 ], [ 0.233489569673647, 41.884591958211551 ], [ 0.233489569673647, 41.333369659277373 ], [ 1.432968358521768, 41.333369659277373 ] ] ] } },
{ "type": "Feature", "properties": { "event": "EMSR397", "subevent": "EMSR397_2019-10-25", "date": "2019-10-25", "height": 5927, "width": 6307 }, "geometry": { "type": "Polygon", "coordinates": [ [ [ 1.272199245992814, 41.049318672097471 ], [ 1.272199245992814, 41.660542314084196 ], [ 0.621787990718598, 41.660542314084196 ], [ 0.621787990718598, 41.049318672097471 ], [ 1.272199245992814, 41.049318672097471 ] ] ] } },
{ "type": "Feature", "properties": { "event": "EMSR399", "subevent": "EMSR399_2019-10-29", "date": "2019-10-29", "height": 1461, "width": 1500 }, "geometry": { "type": "Polygon", "coordinates": [ [ [ 105.821113707930337, 9.966531227633961 ], [ 105.821113707930337, 10.0992604243422 ], [ 105.684841432049183, 10.0992604243422 ], [ 105.684841432049183, 9.966531227633961 ], [ 105.821113707930337, 9.966531227633961 ] ] ] } },
{ "type": "Feature", "properties": { "event": "EMSR404", "subevent": "EMSR404_2019-11-03", "date": "2019-11-03", "height": 703, "width": 859 }, "geometry": { "type": "Polygon", "coordinates": [ [ [ 45.249387612027469, 4.705804488075624 ], [ 45.249387612027469, 4.769278518504766 ], [ 45.171828305998119, 4.769278518504766 ], [ 45.171828305998119, 4.705804488075624 ], [ 45.249387612027469, 4.705804488075624 ] ] ] } },
{ "type": "Feature", "properties": { "event": "EMSR407", "subevent": "EMSR407_2019-11-14", "date": "2019-11-14", "height": 6993, "width": 13221 }, "geometry": { "type": "Polygon", "coordinates": [ [ [ 0.130699158247611, 52.904488368437654 ], [ 0.130699158247611, 53.783462873961433 ], [ -1.531094340612654, 53.783462873961433 ], [ -1.531094340612654, 52.904488368437654 ], [ 0.130699158247611, 52.904488368437654 ] ] ] } },
{ "type": "Feature", "properties": { "event": "EMSR410", "subevent": "EMSR410_2019-11-22", "date": "2019-11-22", "height": 1006, "width": 1389 }, "geometry": { "type": "Polygon", "coordinates": [ [ [ 43.182891186685325, 11.533192323840906 ], [ 43.182891186685325, 11.624976602730831 ], [ 43.056163191279651, 11.624976602730831 ], [ 43.056163191279651, 11.533192323840906 ], [ 43.182891186685325, 11.533192323840906 ] ] ] } },
{ "type": "Feature", "properties": { "event": "EMSR410", "subevent": "EMSR410_2019-11-25", "date": "2019-11-25", "height": 1006, "width": 1389 }, "geometry": { "type": "Polygon", "coordinates": [ [ [ 43.182891186685325, 11.533192323840906 ], [ 43.182891186685325, 11.624976602730831 ], [ 43.056163191279651, 11.624976602730831 ], [ 43.056163191279651, 11.533192323840906 ], [ 43.182891186685325, 11.533192323840906 ] ] ] } },
{ "type": "Feature", "properties": { "event": "EMSR410", "subevent": "EMSR410_2019-11-26", "date": "2019-11-26", "height": 3036, "width": 3621 }, "geometry": { "type": "Polygon", "coordinates": [ [ [ 43.182852212526463, 11.531872262636204 ], [ 43.182852212526463, 11.808632917054068 ], [ 42.85276317114073, 11.808632917054068 ], [ 42.85276317114073, 11.531872262636204 ], [ 43.182852212526463, 11.531872262636204 ] ] ] } },
{ "type": "Feature", "properties": { "event": "EMSR410", "subevent": "EMSR410_2019-11-27", "date": "2019-11-27", "height": 1006, "width": 1389 }, "geometry": { "type": "Polygon", "coordinates": [ [ [ 43.182891186685325, 11.533192323840906 ], [ 43.182891186685325, 11.624976602730831 ], [ 43.056163191279651, 11.624976602730831 ], [ 43.056163191279651, 11.533192323840906 ], [ 43.182891186685325, 11.533192323840906 ] ] ] } },
{ "type": "Feature", "properties": { "event": "EMSR411", "subevent": "EMSR411_2019-11-25", "date": "2019-11-25", "height": 1729, "width": 2399 }, "geometry": { "type": "Polygon", "coordinates": [ [ [ 6.760296801038342, 43.365148896344074 ], [ 6.760296801038342, 43.553976875045066 ], [ 6.498296615437604, 43.553976875045066 ], [ 6.498296615437604, 43.365148896344074 ], [ 6.760296801038342, 43.365148896344074 ] ] ] } },
{ "type": "Feature", "properties": { "event": "EMSR411", "subevent": "EMSR411_2019-11-26", "date": "2019-11-26", "height": 1729, "width": 2399 }, "geometry": { "type": "Polygon", "coordinates": [ [ [ 6.760296801038342, 43.365148896344074 ], [ 6.760296801038342, 43.553976875045066 ], [ 6.498296615437604, 43.553976875045066 ], [ 6.498296615437604, 43.365148896344074 ], [ 6.760296801038342, 43.365148896344074 ] ] ] } },
{ "type": "Feature", "properties": { "event": "EMSR413", "subevent": "EMSR413_2019-11-27", "date": "2019-11-27", "height": 1142, "width": 2990 }, "geometry": { "type": "Polygon", "coordinates": [ [ [ 23.424335959153392, 37.899733324384009 ], [ 23.424335959153392, 38.024840347691949 ], [ 23.096779041735935, 38.024840347691949 ], [ 23.096779041735935, 37.899733324384009 ], [ 23.424335959153392, 37.899733324384009 ] ] ] } },
{ "type": "Feature", "properties": { "event": "EMSR416", "subevent": "EMSR416_2019-12-15", "date": "2019-12-15", "height": 5016, "width": 5194 }, "geometry": { "type": "Polygon", "coordinates": [ [ [ -0.772003899883181, 43.361275072355426 ], [ -0.772003899883181, 43.875583726109291 ], [ -1.304563538558936, 43.875583726109291 ], [ -1.304563538558936, 43.361275072355426 ], [ -0.772003899883181, 43.361275072355426 ] ] ] } },
{ "type": "Feature", "properties": { "event": "EMSR416", "subevent": "EMSR416_2019-12-16", "date": "2019-12-16", "height": 2270, "width": 3961 }, "geometry": { "type": "Polygon", "coordinates": [ [ [ -0.772082824642803, 43.620795071552351 ], [ -0.772082824642803, 43.87430828416052 ], [ -1.214446628669652, 43.87430828416052 ], [ -1.214446628669652, 43.620795071552351 ], [ -0.772082824642803, 43.620795071552351 ] ] ] } },
{ "type": "Feature", "properties": { "event": "EMSR416", "subevent": "EMSR416_2019-12-17", "date": "2019-12-17", "height": 2270, "width": 3961 }, "geometry": { "type": "Polygon", "coordinates": [ [ [ -0.772082728414163, 43.620795070131379 ], [ -0.772082728414163, 43.874308282641458 ], [ -1.214446532269853, 43.874308282641458 ], [ -1.214446532269853, 43.620795070131379 ], [ -0.772082728414163, 43.620795070131379 ] ] ] } },
{ "type": "Feature", "properties": { "event": "EMSR419", "subevent": "EMSR419_2020-01-11", "date": "2020-01-11", "height": 2160, "width": 2291 }, "geometry": { "type": "Polygon", "coordinates": [ [ [ 57.929392100613683, 25.618995856495104 ], [ 57.929392100613683, 25.823880348068812 ], [ 57.712081744041754, 25.823880348068812 ], [ 57.712081744041754, 25.618995856495104 ], [ 57.929392100613683, 25.618995856495104 ] ] ] } },
{ "type": "Feature", "properties": { "event": "EMSR419", "subevent": "EMSR419_2020-01-12", "date": "2020-01-12", "height": 630, "width": 931 }, "geometry": { "type": "Polygon", "coordinates": [ [ [ 59.69278321812763, 26.545124955454565 ], [ 59.69278321812763, 26.606013372120159 ], [ 59.602803669055142, 26.606013372120159 ], [ 59.602803669055142, 26.545124955454565 ], [ 59.69278321812763, 26.545124955454565 ] ] ] } },
{ "type": "Feature", "properties": { "event": "EMSR419", "subevent": "EMSR419_2020-01-13", "date": "2020-01-13", "height": 28351, "width": 33539 }, "geometry": { "type": "Polygon", "coordinates": [ [ [ 60.828187064146434, 25.159270950109054 ], [ 60.828187064146434, 27.878618664158864 ], [ 57.611221067126344, 27.878618664158864 ], [ 57.611221067126344, 25.159270950109054 ], [ 60.828187064146434, 25.159270950109054 ] ] ] } },
{ "type": "Feature", "properties": { "event": "EMSR419", "subevent": "EMSR419_2020-01-16", "date": "2020-01-16", "height": 5407, "width": 27671 }, "geometry": { "type": "Polygon", "coordinates": [ [ [ 60.495902063183017, 25.250678151744467 ], [ 60.495902063183017, 25.786597697828338 ], [ 57.753266635092238, 25.786597697828338 ], [ 57.753266635092238, 25.250678151744467 ], [ 60.495902063183017, 25.250678151744467 ] ] ] } },
{ "type": "Feature", "properties": { "event": "EMSR421", "subevent": "EMSR421_2020-01-23", "date": "2020-01-23", "height": 6043, "width": 13387 }, "geometry": { "type": "Polygon", "coordinates": [ [ [ 3.05153862157802, 42.626522420431762 ], [ 3.05153862157802, 43.321142853550747 ], [ 1.512752631479751, 43.321142853550747 ], [ 1.512752631479751, 42.626522420431762 ], [ 3.05153862157802, 42.626522420431762 ] ] ] } },
{ "type": "Feature", "properties": { "event": "EMSR422", "subevent": "EMSR422_2020-01-24", "date": "2020-01-24", "height": 1489, "width": 3874 }, "geometry": { "type": "Polygon", "coordinates": [ [ [ 3.207103585075552, 41.918944659450744 ], [ 3.207103585075552, 42.090177635506031 ], [ 2.761598850865905, 42.090177635506031 ], [ 2.761598850865905, 41.918944659450744 ], [ 3.207103585075552, 41.918944659450744 ] ] ] } },
{ "type": "Feature", "properties": { "event": "EMSR422", "subevent": "EMSR422_2020-01-26", "date": "2020-01-26", "height": 21702, "width": 14012 }, "geometry": { "type": "Polygon", "coordinates": [ [ [ 0.936511052591602, 38.753663179380901 ], [ 0.936511052591602, 40.841599096969212 ], [ -0.41157474951177, 40.841599096969212 ], [ -0.41157474951177, 38.753663179380901 ], [ 0.936511052591602, 38.753663179380901 ] ] ] } },
{ "type": "Feature", "properties": { "event": "EMSR424", "subevent": "EMSR424_2020-01-31", "date": "2020-01-31", "height": 31605, "width": 27813 }, "geometry": { "type": "Polygon", "coordinates": [ [ [ 48.738257349644194, -17.973718721426817 ], [ 48.738257349644194, -15.073784208499431 ], [ 46.186259924931349, -15.073784208499431 ], [ 46.186259924931349, -17.973718721426817 ], [ 48.738257349644194, -17.973718721426817 ] ] ] } },
{ "type": "Feature", "properties": { "event": "EMSR424", "subevent": "EMSR424_2020-02-03", "date": "2020-02-03", "height": 18030, "width": 19936 }, "geometry": { "type": "Polygon", "coordinates": [ [ [ 48.020421196012471, -16.742728580848887 ], [ 48.020421196012471, -15.083924020375738 ], [ 46.186259924931349, -15.083924020375738 ], [ 46.186259924931349, -16.742728580848887 ], [ 48.020421196012471, -16.742728580848887 ] ] ] } },
{ "type": "Feature", "properties": { "event": "EMSR424", "subevent": "EMSR424_2020-02-05", "date": "2020-02-05", "height": 8819, "width": 6863 }, "geometry": { "type": "Polygon", "coordinates": [ [ [ 48.727471661689449, -17.953010587161078 ], [ 48.727471661689449, -17.14491436514545 ], [ 48.098606215301736, -17.14491436514545 ], [ 48.098606215301736, -17.953010587161078 ], [ 48.727471661689449, -17.953010587161078 ] ] ] } },
{ "type": "Feature", "properties": { "event": "EMSR424", "subevent": "EMSR424_2020-02-07", "date": "2020-02-07", "height": 8792, "width": 6228 }, "geometry": { "type": "Polygon", "coordinates": [ [ [ 48.699908488080247, -17.949543310426002 ], [ 48.699908488080247, -17.145361765837112 ], [ 48.130249404856912, -17.145361765837112 ], [ 48.130249404856912, -17.949543310426002 ], [ 48.699908488080247, -17.949543310426002 ] ] ] } },
{ "type": "Feature", "properties": { "event": "EMSR424", "subevent": "EMSR424_2020-02-08", "date": "2020-02-08", "height": 13328, "width": 14761 }, "geometry": { "type": "Polygon", "coordinates": [ [ [ 47.735956274140221, -17.063300368090918 ], [ 47.735956274140221, -15.835232931910287 ], [ 46.375849474510701, -15.835232931910287 ], [ 46.375849474510701, -17.063300368090918 ], [ 47.735956274140221, -17.063300368090918 ] ] ] } },
{ "type": "Feature", "properties": { "event": "EMSR429", "subevent": "EMSR429_2020-02-23", "date": "2020-02-23", "height": 2318, "width": 4701 }, "geometry": { "type": "Polygon", "coordinates": [ [ [ -8.463469470200053, 52.653619385729428 ], [ -8.463469470200053, 52.950637687955926 ], [ -9.065834888132226, 52.950637687955926 ], [ -9.065834888132226, 52.653619385729428 ], [ -8.463469470200053, 52.653619385729428 ] ] ] } },
{ "type": "Feature", "properties": { "event": "EMSR429", "subevent": "EMSR429_2020-02-25", "date": "2020-02-25", "height": 2318, "width": 4701 }, "geometry": { "type": "Polygon", "coordinates": [ [ [ -8.463469470200053, 52.653619385729428 ], [ -8.463469470200053, 52.950637687955926 ], [ -9.065834888132226, 52.950637687955926 ], [ -9.065834888132226, 52.653619385729428 ], [ -8.463469470200053, 52.653619385729428 ] ] ] } },
{ "type": "Feature", "properties": { "event": "EMSR429", "subevent": "EMSR429_2020-02-26", "date": "2020-02-26", "height": 14024, "width": 22948 }, "geometry": { "type": "Polygon", "coordinates": [ [ [ -6.802055291855122, 52.511080939813453 ], [ -6.802055291855122, 54.226458226900249 ], [ -9.608991828083576, 54.226458226900249 ], [ -9.608991828083576, 52.511080939813453 ], [ -6.802055291855122, 52.511080939813453 ] ] ] } },
{ "type": "Feature", "properties": { "event": "EMSR429", "subevent": "EMSR429_2020-03-02", "date": "2020-03-02", "height": 2299, "width": 2905 }, "geometry": { "type": "Polygon", "coordinates": [ [ [ -8.995978022502101, 53.500101561550245 ], [ -8.995978022502101, 53.766597356233234 ], [ -9.332720207606094, 53.766597356233234 ], [ -9.332720207606094, 53.500101561550245 ], [ -8.995978022502101, 53.500101561550245 ] ] ] } },
{ "type": "Feature", "properties": { "event": "EMSR429", "subevent": "EMSR429_2020-03-03", "date": "2020-03-03", "height": 346, "width": 570 }, "geometry": { "type": "Polygon", "coordinates": [ [ [ -8.513586169032465, 53.573555590935932 ], [ -8.513586169032465, 53.616216935033123 ], [ -8.583866417978705, 53.616216935033123 ], [ -8.583866417978705, 53.573555590935932 ], [ -8.513586169032465, 53.573555590935932 ] ] ] } },
{ "type": "Feature", "properties": { "event": "EMSR429", "subevent": "EMSR429_2020-03-04", "date": "2020-03-04", "height": 346, "width": 570 }, "geometry": { "type": "Polygon", "coordinates": [ [ [ -8.513586169032465, 53.573555590935932 ], [ -8.513586169032465, 53.616216935033123 ], [ -8.583866417978705, 53.616216935033123 ], [ -8.583866417978705, 53.573555590935932 ], [ -8.513586169032465, 53.573555590935932 ] ] ] } },
{ "type": "Feature", "properties": { "event": "EMSR431", "subevent": "EMSR431_2020-02-27", "date": "2020-02-27", "height": 5296, "width": 4689 }, "geometry": { "type": "Polygon", "coordinates": [ [ [ 48.062584833376533, 33.069356278667478 ], [ 48.062584833376533, 33.577861155095093 ], [ 47.612362143503212, 33.577861155095093 ], [ 47.612362143503212, 33.069356278667478 ], [ 48.062584833376533, 33.069356278667478 ] ] ] } },
{ "type": "Feature", "properties": { "event": "EMSR437", "subevent": "EMSR437_2020-05-12", "date": "2020-05-12", "height": 5323, "width": 10366 }, "geometry": { "type": "Polygon", "coordinates": [ [ [ -0.172255588647286, 43.479732686839725 ], [ -0.172255588647286, 44.083279028116131 ], [ -1.347600577125822, 44.083279028116131 ], [ -1.347600577125822, 43.479732686839725 ], [ -0.172255588647286, 43.479732686839725 ] ] ] } },
{ "type": "Feature", "properties": { "event": "EMSR437", "subevent": "EMSR437_2020-05-13", "date": "2020-05-13", "height": 5273, "width": 11780 }, "geometry": { "type": "Polygon", "coordinates": [ [ [ 0.01116816329291, 43.47506276595756 ], [ 0.01116816329291, 44.083279028116131 ], [ -1.347600577125822, 44.083279028116131 ], [ -1.347600577125822, 43.47506276595756 ], [ 0.01116816329291, 43.47506276595756 ] ] ] } },
{ "type": "Feature", "properties": { "event": "EMSR438", "subevent": "EMSR438_2020-04-29", "date": "2020-04-29", "height": 19487, "width": 10947 }, "geometry": { "type": "Polygon", "coordinates": [ [ [ 33.05334597525642, -0.01518742568014 ], [ 33.05334597525642, 1.744995666535728 ], [ 32.064547067754646, 1.744995666535728 ], [ 32.064547067754646, -0.01518742568014 ], [ 33.05334597525642, -0.01518742568014 ] ] ] } },
{ "type": "Feature", "properties": { "event": "EMSR438", "subevent": "EMSR438_2020-05-03", "date": "2020-05-03", "height": 6674, "width": 10826 }, "geometry": { "type": "Polygon", "coordinates": [ [ [ 33.039426874052872, 1.144002891360483 ], [ 33.039426874052872, 1.744995670524937 ], [ 32.064547067754646, 1.744995670524937 ], [ 32.064547067754646, 1.144002891360483 ], [ 33.039426874052872, 1.144002891360483 ] ] ] } },
{ "type": "Feature", "properties": { "event": "EMSR438", "subevent": "EMSR438_2020-05-06", "date": "2020-05-06", "height": 882, "width": 2030 }, "geometry": { "type": "Polygon", "coordinates": [ [ [ 33.573122690329718, -1.858872165467692 ], [ 33.573122690329718, -1.779494573299731 ], [ 33.390428232165362, -1.779494573299731 ], [ 33.390428232165362, -1.858872165467692 ], [ 33.573122690329718, -1.858872165467692 ] ] ] } },
{ "type": "Feature", "properties": { "event": "EMSR438", "subevent": "EMSR438_2020-05-08", "date": "2020-05-08", "height": 14083, "width": 8115 }, "geometry": { "type": "Polygon", "coordinates": [ [ [ 33.05331715630448, -0.015173246183805 ], [ 33.05331715630448, 1.256813329085048 ], [ 32.320364585239595, 1.256813329085048 ], [ 32.320364585239595, -0.015173246183805 ], [ 33.05331715630448, -0.015173246183805 ] ] ] } },
{ "type": "Feature", "properties": { "event": "EMSR438", "subevent": "EMSR438_2020-05-11", "date": "2020-05-11", "height": 1318, "width": 1525 }, "geometry": { "type": "Polygon", "coordinates": [ [ [ 34.822466677439458, -0.172418377874476 ], [ 34.822466677439458, -0.053689531952731 ], [ 34.68509073659677, -0.053689531952731 ], [ 34.68509073659677, -0.172418377874476 ], [ 34.822466677439458, -0.172418377874476 ] ] ] } },
{ "type": "Feature", "properties": { "event": "EMSR438", "subevent": "EMSR438_2020-05-14", "date": "2020-05-14", "height": 14100, "width": 12349 }, "geometry": { "type": "Polygon", "coordinates": [ [ [ 33.43436930850428, -0.015149487094434 ], [ 33.43436930850428, 1.256813329850207 ], [ 32.320364427195813, 1.256813329850207 ], [ 32.320364427195813, -0.015149487094434 ], [ 33.43436930850428, -0.015149487094434 ] ] ] } },
{ "type": "Feature", "properties": { "event": "EMSR438", "subevent": "EMSR438_2020-05-15", "date": "2020-05-15", "height": 6722, "width": 11153 }, "geometry": { "type": "Polygon", "coordinates": [ [ [ 33.056363062944719, 1.143974723822004 ], [ 33.056363062944719, 1.749255565608271 ], [ 32.052093912626027, 1.749255565608271 ], [ 32.052093912626027, 1.143974723822004 ], [ 33.056363062944719, 1.143974723822004 ] ] ] } },
{ "type": "Feature", "properties": { "event": "EMSR438", "subevent": "EMSR438_2020-05-19", "date": "2020-05-19", "height": 2979, "width": 1488 }, "geometry": { "type": "Polygon", "coordinates": [ [ [ 32.986538180577064, -2.64203042845021 ], [ 32.986538180577064, -2.37282697076416 ], [ 32.852072002316959, -2.37282697076416 ], [ 32.852072002316959, -2.64203042845021 ], [ 32.986538180577064, -2.64203042845021 ] ] ] } },
{ "type": "Feature", "properties": { "event": "EMSR438", "subevent": "EMSR438_2020-05-20", "date": "2020-05-20", "height": 19552, "width": 15318 }, "geometry": { "type": "Polygon", "coordinates": [ [ [ 33.434441595227625, -0.015182479091383 ], [ 33.434441595227625, 1.749255560484704 ], [ 32.052093912626027, 1.749255560484704 ], [ 32.052093912626027, -0.015182479091383 ], [ 33.434441595227625, -0.015182479091383 ] ] ] } },
{ "type": "Feature", "properties": { "event": "EMSR439", "subevent": "EMSR439_2020-05-21", "date": "2020-05-21", "height": 451, "width": 464 }, "geometry": { "type": "Polygon", "coordinates": [ [ [ 91.402277775853065, 22.349187162929976 ], [ 91.402277775853065, 22.391441452008575 ], [ 91.35880551391854, 22.391441452008575 ], [ 91.35880551391854, 22.349187162929976 ], [ 91.402277775853065, 22.349187162929976 ] ] ] } },
{ "type": "Feature", "properties": { "event": "EMSR439", "subevent": "EMSR439_2020-05-22", "date": "2020-05-22", "height": 451, "width": 464 }, "geometry": { "type": "Polygon", "coordinates": [ [ [ 91.402277775853065, 22.349187162929976 ], [ 91.402277775853065, 22.391441452008575 ], [ 91.35880551391854, 22.391441452008575 ], [ 91.35880551391854, 22.349187162929976 ], [ 91.402277775853065, 22.349187162929976 ] ] ] } },
{ "type": "Feature", "properties": { "event": "EMSR439", "subevent": "EMSR439_2020-05-24", "date": "2020-05-24", "height": 451, "width": 464 }, "geometry": { "type": "Polygon", "coordinates": [ [ [ 91.402277775853065, 22.349187162929976 ], [ 91.402277775853065, 22.391441452008575 ], [ 91.35880551391854, 22.391441452008575 ], [ 91.35880551391854, 22.349187162929976 ], [ 91.402277775853065, 22.349187162929976 ] ] ] } },
{ "type": "Feature", "properties": { "event": "EMSR439", "subevent": "EMSR439_2020-05-25", "date": "2020-05-25", "height": 451, "width": 464 }, "geometry": { "type": "Polygon", "coordinates": [ [ [ 91.402277775853065, 22.349187162929976 ], [ 91.402277775853065, 22.391441452008575 ], [ 91.35880551391854, 22.391441452008575 ], [ 91.35880551391854, 22.349187162929976 ], [ 91.402277775853065, 22.349187162929976 ] ] ] } },
{ "type": "Feature", "properties": { "event": "EMSR441", "subevent": "EMSR441_2020-06-02", "date": "2020-06-02", "height": 1950, "width": 7927 }, "geometry": { "type": "Polygon", "coordinates": [ [ [ 25.109920120107496, 67.610896053008872 ], [ 25.109920120107496, 68.003545889690088 ], [ 23.513748194275728, 68.003545889690088 ], [ 23.513748194275728, 67.610896053008872 ], [ 25.109920120107496, 67.610896053008872 ] ] ] } },
{ "type": "Feature", "properties": { "event": "EMSR441", "subevent": "EMSR441_2020-06-03", "date": "2020-06-03", "height": 633, "width": 1566 }, "geometry": { "type": "Polygon", "coordinates": [ [ [ 25.052986769114327, 67.612060950296566 ], [ 25.052986769114327, 67.725123835617367 ], [ 24.773276692633473, 67.725123835617367 ], [ 24.773276692633473, 67.612060950296566 ], [ 25.052986769114327, 67.612060950296566 ] ] ] } },
{ "type": "Feature", "properties": { "event": "EMSR441", "subevent": "EMSR441_2020-06-04", "date": "2020-06-04", "height": 1950, "width": 7927 }, "geometry": { "type": "Polygon", "coordinates": [ [ [ 25.109920120107496, 67.610896053008872 ], [ 25.109920120107496, 68.003545889690088 ], [ 23.513748194275728, 68.003545889690088 ], [ 23.513748194275728, 67.610896053008872 ], [ 25.109920120107496, 67.610896053008872 ] ] ] } },
{ "type": "Feature", "properties": { "event": "EMSR441", "subevent": "EMSR441_2020-06-05", "date": "2020-06-05", "height": 633, "width": 1566 }, "geometry": { "type": "Polygon", "coordinates": [ [ [ 25.052986769114327, 67.612060950296566 ], [ 25.052986769114327, 67.725123835617367 ], [ 24.773276692633473, 67.725123835617367 ], [ 24.773276692633473, 67.612060950296566 ], [ 25.052986769114327, 67.612060950296566 ] ] ] } },
{ "type": "Feature", "properties": { "event": "EMSR441", "subevent": "EMSR441_2020-06-06", "date": "2020-06-06", "height": 542, "width": 1449 }, "geometry": { "type": "Polygon", "coordinates": [ [ [ 23.796064343948508, 67.90888976879431 ], [ 23.796064343948508, 68.003545881126755 ], [ 23.543007689391839, 68.003545881126755 ], [ 23.543007689391839, 67.90888976879431 ], [ 23.796064343948508, 67.90888976879431 ] ] ] } },
{ "type": "Feature", "properties": { "event": "EMSR441", "subevent": "EMSR441_2020-06-08", "date": "2020-06-08", "height": 7263, "width": 4927 }, "geometry": { "type": "Polygon", "coordinates": [ [ [ 23.956091787153738, 67.299502129258869 ], [ 23.956091787153738, 68.003545881126755 ], [ 23.478489754184846, 68.003545881126755 ], [ 23.478489754184846, 67.299502129258869 ], [ 23.956091787153738, 67.299502129258869 ] ] ] } },
{ "type": "Feature", "properties": { "event": "EMSR441", "subevent": "EMSR441_2020-06-09", "date": "2020-06-09", "height": 542, "width": 1449 }, "geometry": { "type": "Polygon", "coordinates": [ [ [ 23.796064343948508, 67.90888976879431 ], [ 23.796064343948508, 68.003545881126755 ], [ 23.543007689391839, 68.003545881126755 ], [ 23.543007689391839, 67.90888976879431 ], [ 23.796064343948508, 67.90888976879431 ] ] ] } },
{ "type": "Feature", "properties": { "event": "EMSR442", "subevent": "EMSR442_2020-06-10", "date": "2020-06-10", "height": 6018, "width": 33356 }, "geometry": { "type": "Polygon", "coordinates": [ [ [ 28.682181432716391, 69.285224420556304 ], [ 28.682181432716391, 70.686418606117357 ], [ 20.915775109423855, 70.686418606117357 ], [ 20.915775109423855, 69.285224420556304 ], [ 28.682181432716391, 69.285224420556304 ] ] ] } },
{ "type": "Feature", "properties": { "event": "EMSR444", "subevent": "EMSR444_2020-06-26", "date": "2020-06-26", "height": 8257, "width": 17387 }, "geometry": { "type": "Polygon", "coordinates": [ [ [ 26.311731083572237, 48.142572163456357 ], [ 26.311731083572237, 49.161059879918206 ], [ 24.167072499810317, 49.161059879918206 ], [ 24.167072499810317, 48.142572163456357 ], [ 26.311731083572237, 48.142572163456357 ] ] ] } },
{ "type": "Feature", "properties": { "event": "EMSR444", "subevent": "EMSR444_2020-06-27", "date": "2020-06-27", "height": 2855, "width": 4153 }, "geometry": { "type": "Polygon", "coordinates": [ [ [ 23.653984385877735, 47.999384502362709 ], [ 23.653984385877735, 48.3201318524955 ], [ 23.187412145912241, 48.3201318524955 ], [ 23.187412145912241, 47.999384502362709 ], [ 23.653984385877735, 47.999384502362709 ] ] ] } },
{ "type": "Feature", "properties": { "event": "EMSR445", "subevent": "EMSR445_2020-06-26", "date": "2020-06-26", "height": 2694, "width": 8747 }, "geometry": { "type": "Polygon", "coordinates": [ [ [ 27.229948851146521, 47.941538809764083 ], [ 27.229948851146521, 48.286157151348206 ], [ 26.111026566871722, 48.286157151348206 ], [ 26.111026566871722, 47.941538809764083 ], [ 27.229948851146521, 47.941538809764083 ] ] ] } },
{ "type": "Feature", "properties": { "event": "EMSR445", "subevent": "EMSR445_2020-06-27", "date": "2020-06-27", "height": 6705, "width": 7724 }, "geometry": { "type": "Polygon", "coordinates": [ [ [ 23.756879154887301, 44.840172582141264 ], [ 23.756879154887301, 45.544981764197779 ], [ 22.944955795870964, 45.544981764197779 ], [ 22.944955795870964, 44.840172582141264 ], [ 23.756879154887301, 44.840172582141264 ] ] ] } },
{ "type": "Feature", "properties": { "event": "EMSR446", "subevent": "EMSR446_2020-06-01", "date": "2020-06-01", "height": 5842, "width": 5376 }, "geometry": { "type": "Polygon", "coordinates": [ [ [ 30.225297573665301, -0.054444457363271 ], [ 30.225297573665301, 0.471733501086305 ], [ 29.741091359248163, 0.471733501086305 ], [ 29.741091359248163, -0.054444457363271 ], [ 30.225297573665301, -0.054444457363271 ] ] ] } },
{ "type": "Feature", "properties": { "event": "EMSR446", "subevent": "EMSR446_2020-07-03", "date": "2020-07-03", "height": 13362, "width": 12351 }, "geometry": { "type": "Polygon", "coordinates": [ [ [ 33.434365391308397, -0.015128802656924 ], [ 33.434365391308397, 1.19004116653513 ], [ 32.320381385209679, 1.19004116653513 ], [ 32.320381385209679, -0.015128802656924 ], [ 33.434365391308397, -0.015128802656924 ] ] ] } },
{ "type": "Feature", "properties": { "event": "EMSR446", "subevent": "EMSR446_2020-07-13", "date": "2020-07-13", "height": 6675, "width": 11258 }, "geometry": { "type": "Polygon", "coordinates": [ [ [ 33.078231222005719, 1.143970465874222 ], [ 33.078231222005719, 1.744995668363645 ], [ 32.064547067754646, 1.744995668363645 ], [ 32.064547067754646, 1.143970465874222 ], [ 33.078231222005719, 1.143970465874222 ] ] ] } },
{ "type": "Feature", "properties": { "event": "EMSR446", "subevent": "EMSR446_2020-07-27", "date": "2020-07-27", "height": 6675, "width": 11258 }, "geometry": { "type": "Polygon", "coordinates": [ [ [ 33.078231222005719, 1.143970465874222 ], [ 33.078231222005719, 1.744995668363645 ], [ 32.064547067754646, 1.744995668363645 ], [ 32.064547067754646, 1.143970465874222 ], [ 33.078231222005719, 1.143970465874222 ] ] ] } },
{ "type": "Feature", "properties": { "event": "EMSR446", "subevent": "EMSR446_2020-08-07", "date": "2020-08-07", "height": 6675, "width": 11258 }, "geometry": { "type": "Polygon", "coordinates": [ [ [ 33.078231222005719, 1.143970465874222 ], [ 33.078231222005719, 1.744995668363645 ], [ 32.064547067754646, 1.744995668363645 ], [ 32.064547067754646, 1.143970465874222 ], [ 33.078231222005719, 1.143970465874222 ] ] ] } },
{ "type": "Feature", "properties": { "event": "EMSR446", "subevent": "EMSR446_2020-08-12", "date": "2020-08-12", "height": 6675, "width": 11258 }, "geometry": { "type": "Polygon", "coordinates": [ [ [ 33.078231222005719, 1.143970465874222 ], [ 33.078231222005719, 1.744995668363645 ], [ 32.064547067754646, 1.744995668363645 ], [ 32.064547067754646, 1.143970465874222 ], [ 33.078231222005719, 1.143970465874222 ] ] ] } },
{ "type": "Feature", "properties": { "event": "EMSR446", "subevent": "EMSR446_2020-08-17", "date": "2020-08-17", "height": 6675, "width": 11258 }, "geometry": { "type": "Polygon", "coordinates": [ [ [ 33.078231222005719, 1.143970465874222 ], [ 33.078231222005719, 1.744995668363645 ], [ 32.064547067754646, 1.744995668363645 ], [ 32.064547067754646, 1.143970465874222 ], [ 33.078231222005719, 1.143970465874222 ] ] ] } },
{ "type": "Feature", "properties": { "event": "EMSR446", "subevent": "EMSR446_2020-08-22", "date": "2020-08-22", "height": 6675, "width": 11258 }, "geometry": { "type": "Polygon", "coordinates": [ [ [ 33.078231222005719, 1.143970465874222 ], [ 33.078231222005719, 1.744995668363645 ], [ 32.064547067754646, 1.744995668363645 ], [ 32.064547067754646, 1.143970465874222 ], [ 33.078231222005719, 1.143970465874222 ] ] ] } },
{ "type": "Feature", "properties": { "event": "EMSR446", "subevent": "EMSR446_2020-08-27", "date": "2020-08-27", "height": 5747, "width": 9255 }, "geometry": { "type": "Polygon", "coordinates": [ [ [ 33.078268210136997, 1.144054436069306 ], [ 33.078268210136997, 1.661582183406771 ], [ 32.244838716208299, 1.661582183406771 ], [ 32.244838716208299, 1.144054436069306 ], [ 33.078268210136997, 1.144054436069306 ] ] ] } },
{ "type": "Feature", "properties": { "event": "EMSR446", "subevent": "EMSR446_2020-08-30", "date": "2020-08-30", "height": 5842, "width": 5375 }, "geometry": { "type": "Polygon", "coordinates": [ [ [ 30.225320921276815, -0.054469079658489 ], [ 30.225320921276815, 0.471726820057458 ], [ 29.741188267909269, 0.471726820057458 ], [ 29.741188267909269, -0.054469079658489 ], [ 30.225320921276815, -0.054469079658489 ] ] ] } },
{ "type": "Feature", "properties": { "event": "EMSR446", "subevent": "EMSR446_2020-09-01", "date": "2020-09-01", "height": 5747, "width": 9255 }, "geometry": { "type": "Polygon", "coordinates": [ [ [ 33.078268210136997, 1.144054436069306 ], [ 33.078268210136997, 1.661582183406771 ], [ 32.244838716208299, 1.661582183406771 ], [ 32.244838716208299, 1.144054436069306 ], [ 33.078268210136997, 1.144054436069306 ] ] ] } },
{ "type": "Feature", "properties": { "event": "EMSR450", "subevent": "EMSR450_2020-08-04", "date": "2020-08-04", "height": 25327, "width": 3552 }, "geometry": { "type": "Polygon", "coordinates": [ [ [ 105.858240952669263, 18.614893156508902 ], [ 105.858240952669263, 20.905546519114829 ], [ 105.536986925584486, 20.905546519114829 ], [ 105.536986925584486, 18.614893156508902 ], [ 105.858240952669263, 18.614893156508902 ] ] ] } },
{ "type": "Feature", "properties": { "event": "EMSR459", "subevent": "EMSR459_2020-08-28", "date": "2020-08-28", "height": 558, "width": 447 }, "geometry": { "type": "Polygon", "coordinates": [ [ [ 69.195428279518524, 34.988183195561611 ], [ 69.195428279518524, 35.041987415567945 ], [ 69.152327049513445, 35.041987415567945 ], [ 69.152327049513445, 34.988183195561611 ], [ 69.195428279518524, 34.988183195561611 ] ] ] } },
{ "type": "Feature", "properties": { "event": "EMSR465", "subevent": "EMSR465_2020-09-20", "date": "2020-09-20", "height": 4478, "width": 8104 }, "geometry": { "type": "Polygon", "coordinates": [ [ [ 22.50403519138376, 39.177842881616158 ], [ 22.50403519138376, 39.661042772332465 ], [ 21.629570717429999, 39.661042772332465 ], [ 21.629570717429999, 39.177842881616158 ], [ 22.50403519138376, 39.177842881616158 ] ] ] } },
{ "type": "Feature", "properties": { "event": "EMSR465", "subevent": "EMSR465_2020-09-24", "date": "2020-09-24", "height": 2861, "width": 5855 }, "geometry": { "type": "Polygon", "coordinates": [ [ [ 22.292161041790003, 39.307365409804426 ], [ 22.292161041790003, 39.620087096131641 ], [ 21.65218010035489, 39.620087096131641 ], [ 21.65218010035489, 39.307365409804426 ], [ 22.292161041790003, 39.307365409804426 ] ] ] } },
{ "type": "Feature", "properties": { "event": "EMSR466", "subevent": "EMSR466_2020-09-12", "date": "2020-09-12", "height": 1919, "width": 1919 }, "geometry": { "type": "Polygon", "coordinates": [ [ [ 4.116680158189166, 13.551054519609055 ], [ 4.116680158189166, 13.726451861705405 ], [ 3.941282816092817, 13.726451861705405 ], [ 3.941282816092817, 13.551054519609055 ], [ 4.116680158189166, 13.551054519609055 ] ] ] } },
{ "type": "Feature", "properties": { "event": "EMSR466", "subevent": "EMSR466_2020-09-27", "date": "2020-09-27", "height": 15916, "width": 13239 }, "geometry": { "type": "Polygon", "coordinates": [ [ [ 6.37311870266457, 13.557023410019617 ], [ 6.37311870266457, 15.008610612856437 ], [ 5.165681973690163, 15.008610612856437 ], [ 5.165681973690163, 13.557023410019617 ], [ 6.37311870266457, 13.557023410019617 ] ] ] } },
{ "type": "Feature", "properties": { "event": "EMSR467", "subevent": "EMSR467_2020-10-05", "date": "2020-10-05", "height": 6808, "width": 8687 }, "geometry": { "type": "Polygon", "coordinates": [ [ [ 7.753867855150099, 43.624935752243289 ], [ 7.753867855150099, 44.360106278271552 ], [ 6.815791127828195, 44.360106278271552 ], [ 6.815791127828195, 43.624935752243289 ], [ 7.753867855150099, 43.624935752243289 ] ] ] } },
{ "type": "Feature", "properties": { "event": "EMSR468", "subevent": "EMSR468_2020-10-03", "date": "2020-10-03", "height": 4874, "width": 4481 }, "geometry": { "type": "Polygon", "coordinates": [ [ [ 8.112227950573926, 44.047658355757825 ], [ 8.112227950573926, 44.546413404307174 ], [ 7.65368848144187, 44.546413404307174 ], [ 7.65368848144187, 44.047658355757825 ], [ 8.112227950573926, 44.047658355757825 ] ] ] } },
{ "type": "Feature", "properties": { "event": "EMSR468", "subevent": "EMSR468_2020-10-06", "date": "2020-10-06", "height": 3426, "width": 2990 }, "geometry": { "type": "Polygon", "coordinates": [ [ [ 8.656965595763651, 45.088814686932665 ], [ 8.656965595763651, 45.437680251291752 ], [ 8.352497400365618, 45.437680251291752 ], [ 8.352497400365618, 45.088814686932665 ], [ 8.656965595763651, 45.088814686932665 ] ] ] } },
{ "type": "Feature", "properties": { "event": "EMSR468", "subevent": "EMSR468_2020-10-07", "date": "2020-10-07", "height": 958, "width": 943 }, "geometry": { "type": "Polygon", "coordinates": [ [ [ 7.618392458111039, 44.148124007704283 ], [ 7.618392458111039, 44.247260436905378 ], [ 7.520808269450667, 44.247260436905378 ], [ 7.520808269450667, 44.148124007704283 ], [ 7.618392458111039, 44.148124007704283 ] ] ] } },
{ "type": "Feature", "properties": { "event": "EMSR468", "subevent": "EMSR468_2020-10-08", "date": "2020-10-08", "height": 455, "width": 555 }, "geometry": { "type": "Polygon", "coordinates": [ [ [ 8.405228504337382, 45.609352188760539 ], [ 8.405228504337382, 45.658535615931221 ], [ 8.345235532733586, 45.658535615931221 ], [ 8.345235532733586, 45.609352188760539 ], [ 8.405228504337382, 45.609352188760539 ] ] ] } },
{ "type": "Feature", "properties": { "event": "EMSR468", "subevent": "EMSR468_2020-10-10", "date": "2020-10-10", "height": 372, "width": 428 }, "geometry": { "type": "Polygon", "coordinates": [ [ [ 7.926111980903914, 44.473703495893254 ], [ 7.926111980903914, 44.513245768916669 ], [ 7.880617107640418, 44.513245768916669 ], [ 7.880617107640418, 44.473703495893254 ], [ 7.926111980903914, 44.473703495893254 ] ] ] } },
{ "type": "Feature", "properties": { "event": "EMSR470", "subevent": "EMSR470_2020-10-14", "date": "2020-10-14", "height": 15670, "width": 8923 }, "geometry": { "type": "Polygon", "coordinates": [ [ [ 1.006694484345066, 9.622808551061159 ], [ 1.006694484345066, 11.042291428375782 ], [ 0.198395459821876, 11.042291428375782 ], [ 0.198395459821876, 9.622808551061159 ], [ 1.006694484345066, 9.622808551061159 ] ] ] } },
{ "type": "Feature", "properties": { "event": "EMSR470", "subevent": "EMSR470_2020-10-17", "date": "2020-10-17", "height": 5862, "width": 4390 }, "geometry": { "type": "Polygon", "coordinates": [ [ [ 0.864259836598286, 10.331402778401023 ], [ 0.864259836598286, 10.863205574937103 ], [ 0.465997421587472, 10.863205574937103 ], [ 0.465997421587472, 10.331402778401023 ], [ 0.864259836598286, 10.331402778401023 ] ] ] } },
{ "type": "Feature", "properties": { "event": "EMSR470", "subevent": "EMSR470_2020-10-20", "date": "2020-10-20", "height": 15670, "width": 8923 }, "geometry": { "type": "Polygon", "coordinates": [ [ [ 1.006694484345066, 9.622808551061159 ], [ 1.006694484345066, 11.042291428375782 ], [ 0.198395459821876, 11.042291428375782 ], [ 0.198395459821876, 9.622808551061159 ], [ 1.006694484345066, 9.622808551061159 ] ] ] } },
{ "type": "Feature", "properties": { "event": "EMSR471", "subevent": "EMSR471_2020-10-15", "date": "2020-10-15", "height": 6656, "width": 18891 }, "geometry": { "type": "Polygon", "coordinates": [ [ [ 21.401654947026898, 48.275605899488525 ], [ 21.401654947026898, 49.125686145805751 ], [ 18.988964752739228, 49.125686145805751 ], [ 18.988964752739228, 48.275605899488525 ], [ 21.401654947026898, 48.275605899488525 ] ] ] } },
{ "type": "Feature", "properties": { "event": "EMSR471", "subevent": "EMSR471_2020-10-16", "date": "2020-10-16", "height": 4491, "width": 11197 }, "geometry": { "type": "Polygon", "coordinates": [ [ [ 21.401608435893412, 48.561277164189086 ], [ 21.401608435893412, 49.125686285642992 ], [ 19.994418738071246, 49.125686285642992 ], [ 19.994418738071246, 48.561277164189086 ], [ 21.401608435893412, 48.561277164189086 ] ] ] } },
{ "type": "Feature", "properties": { "event": "EMSR472", "subevent": "EMSR472_2020-10-10", "date": "2020-10-10", "height": 12946, "width": 15627 }, "geometry": { "type": "Polygon", "coordinates": [ [ [ 107.164953723695959, 16.932247296486725 ], [ 107.164953723695959, 18.130393653022836 ], [ 105.718682047997689, 18.130393653022836 ], [ 105.718682047997689, 16.932247296486725 ], [ 107.164953723695959, 16.932247296486725 ] ] ] } },
{ "type": "Feature", "properties": { "event": "EMSR472", "subevent": "EMSR472_2020-10-13", "date": "2020-10-13", "height": 20468, "width": 20525 }, "geometry": { "type": "Polygon", "coordinates": [ [ [ 108.908755927532056, 15.037167643447887 ], [ 108.908755927532056, 16.916494163976687 ], [ 107.024195792987712, 16.916494163976687 ], [ 107.024195792987712, 15.037167643447887 ], [ 108.908755927532056, 15.037167643447887 ] ] ] } },
{ "type": "Feature", "properties": { "event": "EMSR472", "subevent": "EMSR472_2020-10-16", "date": "2020-10-16", "height": 1745, "width": 1687 }, "geometry": { "type": "Polygon", "coordinates": [ [ [ 107.179144814983772, 16.731518058536125 ], [ 107.179144814983772, 16.891923214326255 ], [ 107.024071177265753, 16.891923214326255 ], [ 107.024071177265753, 16.731518058536125 ], [ 107.179144814983772, 16.731518058536125 ] ] ] } },
{ "type": "Feature", "properties": { "event": "EMSR472", "subevent": "EMSR472_2020-10-17", "date": "2020-10-17", "height": 33398, "width": 35411 }, "geometry": { "type": "Polygon", "coordinates": [ [ [ 108.970366760731523, 15.057332788359005 ], [ 108.970366760731523, 18.130393653022836 ], [ 105.71208308270856, 18.130393653022836 ], [ 105.71208308270856, 15.057332788359005 ], [ 108.970366760731523, 15.057332788359005 ] ] ] } },
{ "type": "Feature", "properties": { "event": "EMSR472", "subevent": "EMSR472_2020-10-18", "date": "2020-10-18", "height": 22130, "width": 27252 }, "geometry": { "type": "Polygon", "coordinates": [ [ [ 108.23461072128508, 16.084830832780987 ], [ 108.23461072128508, 18.130393653022836 ], [ 105.715601323308093, 18.130393653022836 ], [ 105.715601323308093, 16.084830832780987 ], [ 108.23461072128508, 16.084830832780987 ] ] ] } },
{ "type": "Feature", "properties": { "event": "EMSR472", "subevent": "EMSR472_2020-10-22", "date": "2020-10-22", "height": 6257, "width": 10989 }, "geometry": { "type": "Polygon", "coordinates": [ [ [ 108.209177814932147, 16.08486344928675 ], [ 108.209177814932147, 16.66489405088463 ], [ 107.190485745096908, 16.66489405088463 ], [ 107.190485745096908, 16.08486344928675 ], [ 108.209177814932147, 16.08486344928675 ] ] ] } },
{ "type": "Feature", "properties": { "event": "EMSR479", "subevent": "EMSR479_2020-11-08", "date": "2020-11-08", "height": 13076, "width": 22702 }, "geometry": { "type": "Polygon", "coordinates": [ [ [ -92.014891274049333, 17.217411714085799 ], [ -92.014891274049333, 18.437751316536911 ], [ -94.133593450161683, 18.437751316536911 ], [ -94.133593450161683, 17.217411714085799 ], [ -92.014891274049333, 17.217411714085799 ] ] ] } },
{ "type": "Feature", "properties": { "event": "EMSR479", "subevent": "EMSR479_2020-11-09", "date": "2020-11-09", "height": 12150, "width": 13608 }, "geometry": { "type": "Polygon", "coordinates": [ [ [ -92.015350298010546, 17.218216124521003 ], [ -92.015350298010546, 18.342284118555682 ], [ -93.27430645132938, 18.342284118555682 ], [ -93.27430645132938, 17.218216124521003 ], [ -92.015350298010546, 17.218216124521003 ] ] ] } },
{ "type": "Feature", "properties": { "event": "EMSR479", "subevent": "EMSR479_2020-11-10", "date": "2020-11-10", "height": 1622, "width": 1680 }, "geometry": { "type": "Polygon", "coordinates": [ [ [ -92.880116548174954, 17.925202685829206 ], [ -92.880116548174954, 18.07511969957805 ], [ -93.035394342933316, 18.07511969957805 ], [ -93.035394342933316, 17.925202685829206 ], [ -92.880116548174954, 17.925202685829206 ] ] ] } },
{ "type": "Feature", "properties": { "event": "EMSR480", "subevent": "EMSR480_2020-11-13", "date": "2020-11-13", "height": 2496, "width": 11628 }, "geometry": { "type": "Polygon", "coordinates": [ [ [ 25.589488466100583, 35.136880317025145 ], [ 25.589488466100583, 35.409111381761655 ], [ 24.32125816932329, 35.409111381761655 ], [ 24.32125816932329, 35.136880317025145 ], [ 25.589488466100583, 35.136880317025145 ] ] ] } },
{ "type": "Feature", "properties": { "event": "EMSR483", "subevent": "EMSR483_2020-11-26", "date": "2020-11-26", "height": 6588, "width": 4431 }, "geometry": { "type": "Polygon", "coordinates": [ [ [ 17.225335211595066, 38.888600406736622 ], [ 17.225335211595066, 39.517132124928636 ], [ 16.802593249951347, 39.517132124928636 ], [ 16.802593249951347, 38.888600406736622 ], [ 17.225335211595066, 38.888600406736622 ] ] ] } },
{ "type": "Feature", "properties": { "event": "EMSR487", "subevent": "EMSR487_2020-12-07", "date": "2020-12-07", "height": 1543, "width": 2218 }, "geometry": { "type": "Polygon", "coordinates": [ [ [ 11.138508426353399, 44.569816733122792 ], [ 11.138508426353399, 44.73821236817237 ], [ 10.896446521920504, 44.73821236817237 ], [ 10.896446521920504, 44.569816733122792 ], [ 11.138508426353399, 44.569816733122792 ] ] ] } },
{ "type": "Feature", "properties": { "event": "EMSR487", "subevent": "EMSR487_2020-12-10", "date": "2020-12-10", "height": 1543, "width": 2218 }, "geometry": { "type": "Polygon", "coordinates": [ [ [ 11.138508426353399, 44.569816733122792 ], [ 11.138508426353399, 44.73821236817237 ], [ 10.896446521920504, 44.73821236817237 ], [ 10.896446521920504, 44.569816733122792 ], [ 11.138508426353399, 44.569816733122792 ] ] ] } },
{ "type": "Feature", "properties": { "event": "EMSR487", "subevent": "EMSR487_2020-12-13", "date": "2020-12-13", "height": 679, "width": 944 }, "geometry": { "type": "Polygon", "coordinates": [ [ [ 11.068283306092182, 44.646437230612683 ], [ 11.068283306092182, 44.720127904211438 ], [ 10.965832649424691, 44.720127904211438 ], [ 10.965832649424691, 44.646437230612683 ], [ 11.068283306092182, 44.646437230612683 ] ] ] } },
{ "type": "Feature", "properties": { "event": "EMSR492", "subevent": "EMSR492_2021-01-02", "date": "2021-01-02", "height": 4952, "width": 8465 }, "geometry": { "type": "Polygon", "coordinates": [ [ [ -0.426813425600571, 43.441289567724894 ], [ -0.426813425600571, 43.992312010090778 ], [ -1.368736885743385, 43.992312010090778 ], [ -1.368736885743385, 43.441289567724894 ], [ -0.426813425600571, 43.441289567724894 ] ] ] } },
{ "type": "Feature", "properties": { "event": "EMSR497", "subevent": "EMSR497_2021-02-03", "date": "2021-02-03", "height": 8204, "width": 9031 }, "geometry": { "type": "Polygon", "coordinates": [ [ [ 7.028553909848363, 50.987835260654286 ], [ 7.028553909848363, 51.900764920857441 ], [ 6.023596844844136, 51.900764920857441 ], [ 6.023596844844136, 50.987835260654286 ], [ 7.028553909848363, 50.987835260654286 ] ] ] } },
{ "type": "Feature", "properties": { "event": "EMSR497", "subevent": "EMSR497_2021-02-04", "date": "2021-02-04", "height": 8204, "width": 9031 }, "geometry": { "type": "Polygon", "coordinates": [ [ [ 7.028553884598474, 50.987835731242349 ], [ 7.028553884598474, 51.900765397080477 ], [ 6.023596813391239, 51.900765397080477 ], [ 6.023596813391239, 50.987835731242349 ], [ 7.028553884598474, 50.987835731242349 ] ] ] } },
{ "type": "Feature", "properties": { "event": "EMSR497", "subevent": "EMSR497_2021-02-05", "date": "2021-02-05", "height": 8204, "width": 9031 }, "geometry": { "type": "Polygon", "coordinates": [ [ [ 7.028554269380715, 50.987835739978493 ], [ 7.028554269380715, 51.900765403702948 ], [ 6.023597200500222, 51.900765403702948 ], [ 6.023597200500222, 50.987835739978493 ], [ 7.028554269380715, 50.987835739978493 ] ] ] } },
{ "type": "Feature", "properties": { "event": "EMSR497", "subevent": "EMSR497_2021-02-06", "date": "2021-02-06", "height": 8204, "width": 9031 }, "geometry": { "type": "Polygon", "coordinates": [ [ [ 7.028554269380715, 50.987835739978493 ], [ 7.028554269380715, 51.900765403702948 ], [ 6.023597200500222, 51.900765403702948 ], [ 6.023597200500222, 50.987835739978493 ], [ 7.028554269380715, 50.987835739978493 ] ] ] } },
{ "type": "Feature", "properties": { "event": "EMSR497", "subevent": "EMSR497_2021-02-07", "date": "2021-02-07", "height": 8204, "width": 9031 }, "geometry": { "type": "Polygon", "coordinates": [ [ [ 7.028554269380715, 50.987835739978493 ], [ 7.028554269380715, 51.900765403702948 ], [ 6.023597200500222, 51.900765403702948 ], [ 6.023597200500222, 50.987835739978493 ], [ 7.028554269380715, 50.987835739978493 ] ] ] } },
{ "type": "Feature", "properties": { "event": "EMSR497", "subevent": "EMSR497_2021-02-08", "date": "2021-02-08", "height": 8204, "width": 9031 }, "geometry": { "type": "Polygon", "coordinates": [ [ [ 7.028554269380715, 50.987835739978493 ], [ 7.028554269380715, 51.900765403702948 ], [ 6.023597200500222, 51.900765403702948 ], [ 6.023597200500222, 50.987835739978493 ], [ 7.028554269380715, 50.987835739978493 ] ] ] } },
{ "type": "Feature", "properties": { "event": "EMSR497", "subevent": "EMSR497_2021-02-09", "date": "2021-02-09", "height": 8204, "width": 9031 }, "geometry": { "type": "Polygon", "coordinates": [ [ [ 7.028554269380715, 50.987835739978493 ], [ 7.028554269380715, 51.900765403702948 ], [ 6.023597200500222, 51.900765403702948 ], [ 6.023597200500222, 50.987835739978493 ], [ 7.028554269380715, 50.987835739978493 ] ] ] } },
{ "type": "Feature", "properties": { "event": "EMSR498", "subevent": "EMSR498_2021-02-02", "date": "2021-02-02", "height": 2543, "width": 5288 }, "geometry": { "type": "Polygon", "coordinates": [ [ [ 2.227323643184822, 44.876917345077416 ], [ 2.227323643184822, 45.174824715922412 ], [ 1.60784500495111, 45.174824715922412 ], [ 1.60784500495111, 44.876917345077416 ], [ 2.227323643184822, 44.876917345077416 ] ] ] } },
{ "type": "Feature", "properties": { "event": "EMSR501", "subevent": "EMSR501_2021-02-12", "date": "2021-02-12", "height": 2334, "width": 4889 }, "geometry": { "type": "Polygon", "coordinates": [ [ [ 19.783058888620779, 41.838779556632325 ], [ 19.783058888620779, 42.103165918488841 ], [ 19.229252152067001, 42.103165918488841 ], [ 19.229252152067001, 41.838779556632325 ], [ 19.783058888620779, 41.838779556632325 ] ] ] } },
{ "type": "Feature", "properties": { "event": "EMSR501", "subevent": "EMSR501_2021-02-13", "date": "2021-02-13", "height": 2334, "width": 4889 }, "geometry": { "type": "Polygon", "coordinates": [ [ [ 19.783058888620779, 41.838779556632325 ], [ 19.783058888620779, 42.103165918488841 ], [ 19.229252152067001, 42.103165918488841 ], [ 19.229252152067001, 41.838779556632325 ], [ 19.783058888620779, 41.838779556632325 ] ] ] } },
{ "type": "Feature", "properties": { "event": "EMSR501", "subevent": "EMSR501_2021-02-15", "date": "2021-02-15", "height": 2412, "width": 3348 }, "geometry": { "type": "Polygon", "coordinates": [ [ [ 19.58948794378691, 41.838695542440306 ], [ 19.58948794378691, 42.098164787614664 ], [ 19.229329140783701, 42.098164787614664 ], [ 19.229329140783701, 41.838695542440306 ], [ 19.58948794378691, 41.838695542440306 ] ] ] } },
{ "type": "Feature", "properties": { "event": "EMSR502", "subevent": "EMSR502_2021-02-23", "date": "2021-02-23", "height": 5768, "width": 16280 }, "geometry": { "type": "Polygon", "coordinates": [ [ [ -7.485968598197323, 51.682728821428107 ], [ -7.485968598197323, 52.455710289361654 ], [ -9.667684669271891, 52.455710289361654 ], [ -9.667684669271891, 51.682728821428107 ], [ -7.485968598197323, 51.682728821428107 ] ] ] } },
{ "type": "Feature", "properties": { "event": "EMSR502", "subevent": "EMSR502_2021-02-24", "date": "2021-02-24", "height": 2846, "width": 7511 }, "geometry": { "type": "Polygon", "coordinates": [ [ [ -7.485940798486045, 52.076121532917114 ], [ -7.485940798486045, 52.454569432538491 ], [ -8.484718793586602, 52.454569432538491 ], [ -8.484718793586602, 52.076121532917114 ], [ -7.485940798486045, 52.076121532917114 ] ] ] } },
{ "type": "Feature", "properties": { "event": "EMSR502", "subevent": "EMSR502_2021-02-25", "date": "2021-02-25", "height": 2904, "width": 10591 }, "geometry": { "type": "Polygon", "coordinates": [ [ [ -8.202107156926793, 51.785818207909927 ], [ -8.202107156926793, 52.186565041036452 ], [ -9.663646313139953, 52.186565041036452 ], [ -9.663646313139953, 51.785818207909927 ], [ -8.202107156926793, 51.785818207909927 ] ] ] } },
{ "type": "Feature", "properties": { "event": "EMSR504", "subevent": "EMSR504_2021-03-19", "date": "2021-03-19", "height": 20975, "width": 16661 }, "geometry": { "type": "Polygon", "coordinates": [ [ [ 153.051284807846514, -32.89034580497669 ], [ 153.051284807846514, -30.892835694017364 ], [ 151.464609434368867, -30.892835694017364 ], [ 151.464609434368867, -32.89034580497669 ], [ 153.051284807846514, -32.89034580497669 ] ] ] } },
{ "type": "Feature", "properties": { "event": "EMSR504", "subevent": "EMSR504_2021-03-21", "date": "2021-03-21", "height": 31905, "width": 25957 }, "geometry": { "type": "Polygon", "coordinates": [ [ [ 153.051990769104208, -33.926195813340556 ], [ 153.051990769104208, -30.880281828804605 ], [ 150.573921836441627, -30.880281828804605 ], [ 150.573921836441627, -33.926195813340556 ], [ 153.051990769104208, -33.926195813340556 ] ] ] } },
{ "type": "Feature", "properties": { "event": "EMSR504", "subevent": "EMSR504_2021-03-22", "date": "2021-03-22", "height": 31905, "width": 25957 }, "geometry": { "type": "Polygon", "coordinates": [ [ [ 153.051990769104208, -33.926195813340556 ], [ 153.051990769104208, -30.880281828804605 ], [ 150.573921836441627, -30.880281828804605 ], [ 150.573921836441627, -33.926195813340556 ], [ 153.051990769104208, -33.926195813340556 ] ] ] } },
{ "type": "Feature", "properties": { "event": "EMSR504", "subevent": "EMSR504_2021-03-23", "date": "2021-03-23", "height": 30639, "width": 24857 }, "geometry": { "type": "Polygon", "coordinates": [ [ [ 152.946748456180842, -33.926261142894539 ], [ 152.946748456180842, -31.00148883970952 ], [ 150.573920846263093, -31.00148883970952 ], [ 150.573920846263093, -33.926261142894539 ], [ 152.946748456180842, -33.926261142894539 ] ] ] } },
{ "type": "Feature", "properties": { "event": "EMSR504", "subevent": "EMSR504_2021-03-24", "date": "2021-03-24", "height": 34724, "width": 35049 }, "geometry": { "type": "Polygon", "coordinates": [ [ [ 153.032620725120495, -31.228389813605297 ], [ 153.032620725120495, -27.897705559117259 ], [ 149.670762862099195, -27.897705559117259 ], [ 149.670762862099195, -31.228389813605297 ], [ 153.032620725120495, -31.228389813605297 ] ] ] } },
{ "type": "Feature", "properties": { "event": "EMSR504", "subevent": "EMSR504_2021-03-25", "date": "2021-03-25", "height": 6593, "width": 19755 }, "geometry": { "type": "Polygon", "coordinates": [ [ [ 152.854248430369324, -31.688285513977977 ], [ 152.854248430369324, -31.007529321911221 ], [ 150.814457959524674, -31.007529321911221 ], [ 150.814457959524674, -31.688285513977977 ], [ 152.854248430369324, -31.688285513977977 ] ] ] } },
{ "type": "Feature", "properties": { "event": "EMSR504", "subevent": "EMSR504_2021-03-26", "date": "2021-03-26", "height": 1655, "width": 2709 }, "geometry": { "type": "Polygon", "coordinates": [ [ [ 151.073865589476156, -33.501608724614577 ], [ 151.073865589476156, -33.333449637741303 ], [ 150.798613041838877, -33.333449637741303 ], [ 150.798613041838877, -33.501608724614577 ], [ 151.073865589476156, -33.501608724614577 ] ] ] } },
{ "type": "Feature", "properties": { "event": "EMSR507", "subevent": "EMSR507_2021-04-06", "date": "2021-04-06", "height": 1671, "width": 6055 }, "geometry": { "type": "Polygon", "coordinates": [ [ [ 126.075347922282759, -8.627935309055255 ], [ 126.075347922282759, -8.476313506953552 ], [ 125.525934390430095, -8.476313506953552 ], [ 125.525934390430095, -8.627935309055255 ], [ 126.075347922282759, -8.627935309055255 ] ] ] } },
{ "type": "Feature", "properties": { "event": "EMSR507", "subevent": "EMSR507_2021-04-07", "date": "2021-04-07", "height": 3391, "width": 2524 }, "geometry": { "type": "Polygon", "coordinates": [ [ [ 125.572302419950816, -9.278490648849916 ], [ 125.572302419950816, -8.97136801836997 ], [ 125.343703918231157, -8.97136801836997 ], [ 125.343703918231157, -9.278490648849916 ], [ 125.572302419950816, -9.278490648849916 ] ] ] } },
{ "type": "Feature", "properties": { "event": "EMSR507", "subevent": "EMSR507_2021-04-08", "date": "2021-04-08", "height": 2195, "width": 4430 }, "geometry": { "type": "Polygon", "coordinates": [ [ [ 124.463037992987665, -9.389293733511568 ], [ 124.463037992987665, -9.189735933487114 ], [ 124.060285804327833, -9.189735933487114 ], [ 124.060285804327833, -9.389293733511568 ], [ 124.463037992987665, -9.389293733511568 ] ] ] } },
{ "type": "Feature", "properties": { "event": "EMSR507", "subevent": "EMSR507_2021-04-09", "date": "2021-04-09", "height": 2455, "width": 628 }, "geometry": { "type": "Polygon", "coordinates": [ [ [ 125.611808042100975, -8.931657876038933 ], [ 125.611808042100975, -8.70974775367727 ], [ 125.555042438498887, -8.70974775367727 ], [ 125.555042438498887, -8.931657876038933 ], [ 125.611808042100975, -8.931657876038933 ] ] ] } },
{ "type": "Feature", "properties": { "event": "EMSR507", "subevent": "EMSR507_2021-04-11", "date": "2021-04-11", "height": 2489, "width": 1257 }, "geometry": { "type": "Polygon", "coordinates": [ [ [ 125.69422805036595, -8.80812594782272 ], [ 125.69422805036595, -8.582994357253206 ], [ 125.58053162234431, -8.582994357253206 ], [ 125.58053162234431, -8.80812594782272 ], [ 125.69422805036595, -8.80812594782272 ] ] ] } },
{ "type": "Feature", "properties": { "event": "EMSR511", "subevent": "EMSR511_2021-05-21", "date": "2021-05-21", "height": 2582, "width": 2250 }, "geometry": { "type": "Polygon", "coordinates": [ [ [ 24.095349967803369, 66.64370066461737 ], [ 24.095349967803369, 66.909553142343256 ], [ 23.863681464750215, 66.909553142343256 ], [ 23.863681464750215, 66.64370066461737 ], [ 24.095349967803369, 66.64370066461737 ] ] ] } },
{ "type": "Feature", "properties": { "event": "EMSR511", "subevent": "EMSR511_2021-05-22", "date": "2021-05-22", "height": 20002, "width": 14192 }, "geometry": { "type": "Polygon", "coordinates": [ [ [ 25.294593581657086, 65.74251705674881 ], [ 25.294593581657086, 67.871805852276594 ], [ 23.783801331575575, 67.871805852276594 ], [ 23.783801331575575, 65.74251705674881 ], [ 25.294593581657086, 65.74251705674881 ] ] ] } },
{ "type": "Feature", "properties": { "event": "EMSR511", "subevent": "EMSR511_2021-05-24", "date": "2021-05-24", "height": 20002, "width": 14192 }, "geometry": { "type": "Polygon", "coordinates": [ [ [ 25.294593581657086, 65.74251705674881 ], [ 25.294593581657086, 67.871805852276594 ], [ 23.783801331575575, 67.871805852276594 ], [ 23.783801331575575, 65.74251705674881 ], [ 25.294593581657086, 65.74251705674881 ] ] ] } },
{ "type": "Feature", "properties": { "event": "EMSR514", "subevent": "EMSR514_2021-06-06", "date": "2021-06-06", "height": 7735, "width": 4968 }, "geometry": { "type": "Polygon", "coordinates": [ [ [ -58.447475441384093, 6.958339625970495 ], [ -58.447475441384093, 7.658058243540744 ], [ -58.89688747656043, 7.658058243540744 ], [ -58.89688747656043, 6.958339625970495 ], [ -58.447475441384093, 6.958339625970495 ] ] ] } },
{ "type": "Feature", "properties": { "event": "EMSR514", "subevent": "EMSR514_2021-06-11", "date": "2021-06-11", "height": 2411, "width": 4053 }, "geometry": { "type": "Polygon", "coordinates": [ [ [ -60.044722393486637, 6.749173105912232 ], [ -60.044722393486637, 6.967108793068906 ], [ -60.411082136351013, 6.967108793068906 ], [ -60.411082136351013, 6.749173105912232 ], [ -60.044722393486637, 6.749173105912232 ] ] ] } },
{ "type": "Feature", "properties": { "event": "EMSR514", "subevent": "EMSR514_2021-06-12", "date": "2021-06-12", "height": 5347, "width": 4095 }, "geometry": { "type": "Polygon", "coordinates": [ [ [ -60.450076496685234, 5.4342951154928 ], [ -60.450076496685234, 5.91729006600521 ], [ -60.819978184051671, 5.91729006600521 ], [ -60.819978184051671, 5.4342951154928 ], [ -60.450076496685234, 5.4342951154928 ] ] ] } },
{ "type": "Feature", "properties": { "event": "EMSR514", "subevent": "EMSR514_2021-06-14", "date": "2021-06-14", "height": 7735, "width": 4968 }, "geometry": { "type": "Polygon", "coordinates": [ [ [ -58.447475441384093, 6.958339625970495 ], [ -58.447475441384093, 7.658058243540744 ], [ -58.89688747656043, 7.658058243540744 ], [ -58.89688747656043, 6.958339625970495 ], [ -58.447475441384093, 6.958339625970495 ] ] ] } },
{ "type": "Feature", "properties": { "event": "EMSR517", "subevent": "EMSR517_2021-07-15", "date": "2021-07-15", "height": 5530, "width": 4178 }, "geometry": { "type": "Polygon", "coordinates": [ [ [ 6.72470588250373, 49.805782880939098 ], [ 6.72470588250373, 50.369194254795616 ], [ 6.299039929524971, 50.369194254795616 ], [ 6.299039929524971, 49.805782880939098 ], [ 6.72470588250373, 49.805782880939098 ] ] ] } },
{ "type": "Feature", "properties": { "event": "EMSR517", "subevent": "EMSR517_2021-07-16", "date": "2021-07-16", "height": 5530, "width": 4178 }, "geometry": { "type": "Polygon", "coordinates": [ [ [ 6.72470588250373, 49.805782880939098 ], [ 6.72470588250373, 50.369194254795616 ], [ 6.299039929524971, 50.369194254795616 ], [ 6.299039929524971, 49.805782880939098 ], [ 6.72470588250373, 49.805782880939098 ] ] ] } },
{ "type": "Feature", "properties": { "event": "EMSR517", "subevent": "EMSR517_2021-07-18", "date": "2021-07-18", "height": 15329, "width": 10854 }, "geometry": { "type": "Polygon", "coordinates": [ [ [ 7.161476001630345, 49.767079724209751 ], [ 7.161476001630345, 51.313278656254482 ], [ 6.066659431181292, 51.313278656254482 ], [ 6.066659431181292, 49.767079724209751 ], [ 7.161476001630345, 49.767079724209751 ] ] ] } },
{ "type": "Feature", "properties": { "event": "EMSR517", "subevent": "EMSR517_2021-07-20", "date": "2021-07-20", "height": 1551, "width": 4033 }, "geometry": { "type": "Polygon", "coordinates": [ [ [ 7.291984318579531, 50.366922230621732 ], [ 7.291984318579531, 50.569805840461257 ], [ 6.764434609693136, 50.569805840461257 ], [ 6.764434609693136, 50.366922230621732 ], [ 7.291984318579531, 50.366922230621732 ] ] ] } },
{ "type": "Feature", "properties": { "event": "EMSR517", "subevent": "EMSR517_2021-07-21", "date": "2021-07-21", "height": 1270, "width": 1388 }, "geometry": { "type": "Polygon", "coordinates": [ [ [ 13.076944014307575, 47.577380490148251 ], [ 13.076944014307575, 47.714474746757041 ], [ 12.927111866139855, 47.714474746757041 ], [ 12.927111866139855, 47.577380490148251 ], [ 13.076944014307575, 47.577380490148251 ] ] ] } },
{ "type": "Feature", "properties": { "event": "EMSR518", "subevent": "EMSR518_2021-07-15", "date": "2021-07-15", "height": 10981, "width": 11437 }, "geometry": { "type": "Polygon", "coordinates": [ [ [ 6.169447035394326, 50.012691155586559 ], [ 6.169447035394326, 51.174124910315626 ], [ 4.959783265898254, 51.174124910315626 ], [ 4.959783265898254, 50.012691155586559 ], [ 6.169447035394326, 50.012691155586559 ] ] ] } },
{ "type": "Feature", "properties": { "event": "EMSR518", "subevent": "EMSR518_2021-07-17", "date": "2021-07-17", "height": 10981, "width": 11437 }, "geometry": { "type": "Polygon", "coordinates": [ [ [ 6.169447035394326, 50.012691155586559 ], [ 6.169447035394326, 51.174124910315626 ], [ 4.959783265898254, 51.174124910315626 ], [ 4.959783265898254, 50.012691155586559 ], [ 6.169447035394326, 50.012691155586559 ] ] ] } },
{ "type": "Feature", "properties": { "event": "EMSR520", "subevent": "EMSR520_2021-07-16", "date": "2021-07-16", "height": 3015, "width": 3587 }, "geometry": { "type": "Polygon", "coordinates": [ [ [ 6.200058077343004, 51.11119445285717 ], [ 6.200058077343004, 51.453376282165422 ], [ 5.792958169638626, 51.453376282165422 ], [ 5.792958169638626, 51.11119445285717 ], [ 6.200058077343004, 51.11119445285717 ] ] ] } },
{ "type": "Feature", "properties": { "event": "EMSR548", "subevent": "EMSR548_2021-10-27", "date": "2021-10-27", "height": 4309, "width": 3901 }, "geometry": { "type": "Polygon", "coordinates": [ [ [ 15.205322683570138, 37.310585122052842 ], [ 15.205322683570138, 37.735430566618291 ], [ 14.82070396014247, 37.735430566618291 ], [ 14.82070396014247, 37.310585122052842 ], [ 15.205322683570138, 37.310585122052842 ] ] ] } },
{ "type": "Feature", "properties": { "event": "EMSR548", "subevent": "EMSR548_2021-10-29", "date": "2021-10-29", "height": 8357, "width": 5028 }, "geometry": { "type": "Polygon", "coordinates": [ [ [ 15.297236196188873, 36.943390005261264 ], [ 15.297236196188873, 37.735430557496706 ], [ 14.82070396014247, 37.735430557496706 ], [ 14.82070396014247, 36.943390005261264 ], [ 15.297236196188873, 36.943390005261264 ] ] ] } },
{ "type": "Feature", "properties": { "event": "EMSR548", "subevent": "EMSR548_2021-10-30", "date": "2021-10-30", "height": 8357, "width": 5028 }, "geometry": { "type": "Polygon", "coordinates": [ [ [ 15.297236196188873, 36.943390005261264 ], [ 15.297236196188873, 37.735430557496706 ], [ 14.82070396014247, 37.735430557496706 ], [ 14.82070396014247, 36.943390005261264 ], [ 15.297236196188873, 36.943390005261264 ] ] ] } },
{ "type": "Feature", "properties": { "event": "EMSR548", "subevent": "EMSR548_2021-10-31", "date": "2021-10-31", "height": 8357, "width": 5028 }, "geometry": { "type": "Polygon", "coordinates": [ [ [ 15.297236196188873, 36.943390005261264 ], [ 15.297236196188873, 37.735430557496706 ], [ 14.82070396014247, 37.735430557496706 ], [ 14.82070396014247, 36.943390005261264 ], [ 15.297236196188873, 36.943390005261264 ] ] ] } },
{ "type": "Feature", "properties": { "event": "EMSR548", "subevent": "EMSR548_2021-11-02", "date": "2021-11-02", "height": 8357, "width": 5028 }, "geometry": { "type": "Polygon", "coordinates": [ [ [ 15.297236196188873, 36.943390005261264 ], [ 15.297236196188873, 37.735430557496706 ], [ 14.82070396014247, 37.735430557496706 ], [ 14.82070396014247, 36.943390005261264 ], [ 15.297236196188873, 36.943390005261264 ] ] ] } },
{ "type": "Feature", "properties": { "event": "EMSR548", "subevent": "EMSR548_2021-11-04", "date": "2021-11-04", "height": 4418, "width": 2832 }, "geometry": { "type": "Polygon", "coordinates": [ [ [ 15.296913629936752, 37.049659813109898 ], [ 15.296913629936752, 37.470422874460681 ], [ 15.027198602832765, 37.470422874460681 ], [ 15.027198602832765, 37.049659813109898 ], [ 15.296913629936752, 37.049659813109898 ] ] ] } },
{ "type": "Feature", "properties": { "event": "EMSR550", "subevent": "EMSR550_2021-11-13", "date": "2021-11-13", "height": 930, "width": 861 }, "geometry": { "type": "Polygon", "coordinates": [ [ [ 148.437789175261798, -33.596873270111203 ], [ 148.437789175261798, -33.506377277497862 ], [ 148.354007401455249, -33.506377277497862 ], [ 148.354007401455249, -33.596873270111203 ], [ 148.437789175261798, -33.596873270111203 ] ] ] } },
{ "type": "Feature", "properties": { "event": "EMSR550", "subevent": "EMSR550_2021-11-14", "date": "2021-11-14", "height": 3788, "width": 3846 }, "geometry": { "type": "Polygon", "coordinates": [ [ [ 148.731654601493346, -33.874654866693767 ], [ 148.731654601493346, -33.502702814238155 ], [ 148.354007401455249, -33.502702814238155 ], [ 148.354007401455249, -33.874654866693767 ], [ 148.731654601493346, -33.874654866693767 ] ] ] } },
{ "type": "Feature", "properties": { "event": "EMSR550", "subevent": "EMSR550_2021-11-15", "date": "2021-11-15", "height": 1221, "width": 2231 }, "geometry": { "type": "Polygon", "coordinates": [ [ [ 148.083921559976176, -33.440467470007817 ], [ 148.083921559976176, -33.314906360818284 ], [ 147.854497453013153, -33.314906360818284 ], [ 147.854497453013153, -33.440467470007817 ], [ 148.083921559976176, -33.440467470007817 ] ] ] } },
{ "type": "Feature", "properties": { "event": "EMSR550", "subevent": "EMSR550_2021-11-16", "date": "2021-11-16", "height": 1221, "width": 2231 }, "geometry": { "type": "Polygon", "coordinates": [ [ [ 148.083921559976176, -33.440467470007817 ], [ 148.083921559976176, -33.314906360818284 ], [ 147.854497453013153, -33.314906360818284 ], [ 147.854497453013153, -33.440467470007817 ], [ 148.083921559976176, -33.440467470007817 ] ] ] } },
{ "type": "Feature", "properties": { "event": "EMSR550", "subevent": "EMSR550_2021-11-17", "date": "2021-11-17", "height": 1221, "width": 2231 }, "geometry": { "type": "Polygon", "coordinates": [ [ [ 148.083921559976176, -33.440467470007817 ], [ 148.083921559976176, -33.314906360818284 ], [ 147.854497453013153, -33.314906360818284 ], [ 147.854497453013153, -33.440467470007817 ], [ 148.083921559976176, -33.440467470007817 ] ] ] } },
{ "type": "Feature", "properties": { "event": "EMSR554", "subevent": "EMSR554_2021-11-30", "date": "2021-11-30", "height": 1314, "width": 3328 }, "geometry": { "type": "Polygon", "coordinates": [ [ [ 151.30568964722633, -28.501965831208786 ], [ 151.30568964722633, -28.370354187311417 ], [ 150.972353611541052, -28.370354187311417 ], [ 150.972353611541052, -28.501965831208786 ], [ 151.30568964722633, -28.501965831208786 ] ] ] } },
{ "type": "Feature", "properties": { "event": "EMSR554", "subevent": "EMSR554_2021-12-02", "date": "2021-12-02", "height": 3836, "width": 11108 }, "geometry": { "type": "Polygon", "coordinates": [ [ [ 151.305601087980619, -28.742588410038397 ], [ 151.305601087980619, -28.356587126565692 ], [ 150.187847632085209, -28.356587126565692 ], [ 150.187847632085209, -28.742588410038397 ], [ 151.305601087980619, -28.742588410038397 ] ] ] } },
{ "type": "Feature", "properties": { "event": "EMSR554", "subevent": "EMSR554_2021-12-03", "date": "2021-12-03", "height": 21202, "width": 21808 }, "geometry": { "type": "Polygon", "coordinates": [ [ [ 151.305602933275139, -30.365477553041508 ], [ 151.305602933275139, -28.334889658806887 ], [ 149.216976350996646, -28.334889658806887 ], [ 149.216976350996646, -30.365477553041508 ], [ 151.305602933275139, -30.365477553041508 ] ] ] } },
{ "type": "Feature", "properties": { "event": "EMSR554", "subevent": "EMSR554_2021-12-04", "date": "2021-12-04", "height": 3078, "width": 7115 }, "geometry": { "type": "Polygon", "coordinates": [ [ [ 150.89869252667134, -28.736810117202467 ], [ 150.89869252667134, -28.429293040318587 ], [ 150.187846522113574, -28.429293040318587 ], [ 150.187846522113574, -28.736810117202467 ], [ 150.89869252667134, -28.736810117202467 ] ] ] } },
{ "type": "Feature", "properties": { "event": "EMSR554", "subevent": "EMSR554_2021-12-05", "date": "2021-12-05", "height": 3078, "width": 7115 }, "geometry": { "type": "Polygon", "coordinates": [ [ [ 150.898692547778325, -28.736814125720155 ], [ 150.898692547778325, -28.429297039178429 ], [ 150.187846520895818, -28.429297039178429 ], [ 150.187846520895818, -28.736814125720155 ], [ 150.898692547778325, -28.736814125720155 ] ] ] } },
{ "type": "Feature", "properties": { "event": "EMSR555", "subevent": "EMSR555_2021-12-10", "date": "2021-12-10", "height": 19227, "width": 25966 }, "geometry": { "type": "Polygon", "coordinates": [ [ [ -0.295665927262552, 41.307821517576492 ], [ -0.295665927262552, 43.353794760884426 ], [ -3.058746035221872, 43.353794760884426 ], [ -3.058746035221872, 41.307821517576492 ], [ -0.295665927262552, 41.307821517576492 ] ] ] } },
{ "type": "Feature", "properties": { "event": "EMSR555", "subevent": "EMSR555_2021-12-11", "date": "2021-12-11", "height": 19227, "width": 25966 }, "geometry": { "type": "Polygon", "coordinates": [ [ [ -0.295665927262552, 41.307821517576492 ], [ -0.295665927262552, 43.353794760884426 ], [ -3.058746035221872, 43.353794760884426 ], [ -3.058746035221872, 41.307821517576492 ], [ -0.295665927262552, 41.307821517576492 ] ] ] } },
{ "type": "Feature", "properties": { "event": "EMSR555", "subevent": "EMSR555_2021-12-12", "date": "2021-12-12", "height": 19227, "width": 25966 }, "geometry": { "type": "Polygon", "coordinates": [ [ [ -0.295665927262552, 41.307821517576492 ], [ -0.295665927262552, 43.353794760884426 ], [ -3.058746035221872, 43.353794760884426 ], [ -3.058746035221872, 41.307821517576492 ], [ -0.295665927262552, 41.307821517576492 ] ] ] } },
{ "type": "Feature", "properties": { "event": "EMSR555", "subevent": "EMSR555_2021-12-13", "date": "2021-12-13", "height": 19227, "width": 25966 }, "geometry": { "type": "Polygon", "coordinates": [ [ [ -0.295665927262552, 41.307821517576492 ], [ -0.295665927262552, 43.353794760884426 ], [ -3.058746035221872, 43.353794760884426 ], [ -3.058746035221872, 41.307821517576492 ], [ -0.295665927262552, 41.307821517576492 ] ] ] } },
{ "type": "Feature", "properties": { "event": "EMSR555", "subevent": "EMSR555_2021-12-14", "date": "2021-12-14", "height": 19227, "width": 25966 }, "geometry": { "type": "Polygon", "coordinates": [ [ [ -0.295665927262552, 41.307821517576492 ], [ -0.295665927262552, 43.353794760884426 ], [ -3.058746035221872, 43.353794760884426 ], [ -3.058746035221872, 41.307821517576492 ], [ -0.295665927262552, 41.307821517576492 ] ] ] } },
{ "type": "Feature", "properties": { "event": "EMSR555", "subevent": "EMSR555_2021-12-15", "date": "2021-12-15", "height": 19227, "width": 25966 }, "geometry": { "type": "Polygon", "coordinates": [ [ [ -0.295665927262552, 41.307821517576492 ], [ -0.295665927262552, 43.353794760884426 ], [ -3.058746035221872, 43.353794760884426 ], [ -3.058746035221872, 41.307821517576492 ], [ -0.295665927262552, 41.307821517576492 ] ] ] } },
{ "type": "Feature", "properties": { "event": "EMSR555", "subevent": "EMSR555_2021-12-16", "date": "2021-12-16", "height": 19227, "width": 25966 }, "geometry": { "type": "Polygon", "coordinates": [ [ [ -0.295665927262552, 41.307821517576492 ], [ -0.295665927262552, 43.353794760884426 ], [ -3.058746035221872, 43.353794760884426 ], [ -3.058746035221872, 41.307821517576492 ], [ -0.295665927262552, 41.307821517576492 ] ] ] } },
{ "type": "Feature", "properties": { "event": "EMSR555", "subevent": "EMSR555_2021-12-18", "date": "2021-12-18", "height": 19227, "width": 25966 }, "geometry": { "type": "Polygon", "coordinates": [ [ [ -0.295665927262552, 41.307821517576492 ], [ -0.295665927262552, 43.353794760884426 ], [ -3.058746035221872, 43.353794760884426 ], [ -3.058746035221872, 41.307821517576492 ], [ -0.295665927262552, 41.307821517576492 ] ] ] } },
{ "type": "Feature", "properties": { "event": "EMSR557", "subevent": "EMSR557_2022-01-13", "date": "2022-01-13", "height": 15661, "width": 32410 }, "geometry": { "type": "Polygon", "coordinates": [ [ [ 11.924273224387392, 61.545084854323356 ], [ 11.924273224387392, 63.854935650146658 ], [ 7.144101824564054, 63.854935650146658 ], [ 7.144101824564054, 61.545084854323356 ], [ 11.924273224387392, 61.545084854323356 ] ] ] } },
{ "type": "Feature", "properties": { "event": "EMSR559", "subevent": "EMSR559_2022-01-25", "date": "2022-01-25", "height": 3658, "width": 2720 }, "geometry": { "type": "Polygon", "coordinates": [ [ [ 47.610310556356019, -19.081084022445037 ], [ 47.610310556356019, -18.744928565277622 ], [ 47.360353518768441, -18.744928565277622 ], [ 47.360353518768441, -19.081084022445037 ], [ 47.610310556356019, -19.081084022445037 ] ] ] } },
{ "type": "Feature", "properties": { "event": "EMSR559", "subevent": "EMSR559_2022-01-27", "date": "2022-01-27", "height": 34252, "width": 20987 }, "geometry": { "type": "Polygon", "coordinates": [ [ [ 48.285126819791614, -19.046745983549371 ], [ 48.285126819791614, -15.918353369205803 ], [ 46.3682876338396, -15.918353369205803 ], [ 46.3682876338396, -19.046745983549371 ], [ 48.285126819791614, -19.046745983549371 ] ] ] } },
{ "type": "Feature", "properties": { "event": "EMSR559", "subevent": "EMSR559_2022-01-28", "date": "2022-01-28", "height": 1830, "width": 1663 }, "geometry": { "type": "Polygon", "coordinates": [ [ [ 47.568936370145103, -18.988728886426927 ], [ 47.568936370145103, -18.819742520188026 ], [ 47.415371164103959, -18.819742520188026 ], [ 47.415371164103959, -18.988728886426927 ], [ 47.568936370145103, -18.988728886426927 ] ] ] } },
{ "type": "Feature", "properties": { "event": "EMSR559", "subevent": "EMSR559_2022-01-29", "date": "2022-01-29", "height": 16388, "width": 1644 }, "geometry": { "type": "Polygon", "coordinates": [ [ [ 48.305760490756867, -19.023837857065132 ], [ 48.305760490756867, -17.543894626936041 ], [ 48.157296573846189, -17.543894626936041 ], [ 48.157296573846189, -19.023837857065132 ], [ 48.305760490756867, -19.023837857065132 ] ] ] } },
{ "type": "Feature", "properties": { "event": "EMSR561", "subevent": "EMSR561_2022-01-26", "date": "2022-01-26", "height": 8925, "width": 5595 }, "geometry": { "type": "Polygon", "coordinates": [ [ [ 35.210892096519487, -16.73013614201178 ], [ 35.210892096519487, -15.915816543466322 ], [ 34.700402667515355, -15.915816543466322 ], [ 34.700402667515355, -16.73013614201178 ], [ 35.210892096519487, -16.73013614201178 ] ] ] } },
{ "type": "Feature", "properties": { "event": "EMSR561", "subevent": "EMSR561_2022-01-29", "date": "2022-01-29", "height": 2712, "width": 1811 }, "geometry": { "type": "Polygon", "coordinates": [ [ [ 35.299328508344388, -17.060048870647424 ], [ 35.299328508344388, -16.812180958160351 ], [ 35.133809043184328, -16.812180958160351 ], [ 35.133809043184328, -17.060048870647424 ], [ 35.299328508344388, -17.060048870647424 ] ] ] } },
{ "type": "Feature", "properties": { "event": "EMSR561", "subevent": "EMSR561_2022-01-30", "date": "2022-01-30", "height": 6564, "width": 3583 }, "geometry": { "type": "Polygon", "coordinates": [ [ [ 35.299276475101955, -17.061736632034929 ], [ 35.299276475101955, -16.463709953591369 ], [ 34.972839913727292, -16.463709953591369 ], [ 34.972839913727292, -17.061736632034929 ], [ 35.299276475101955, -17.061736632034929 ] ] ] } },
{ "type": "Feature", "properties": { "event": "EMSR561", "subevent": "EMSR561_2022-02-01", "date": "2022-02-01", "height": 2834, "width": 2509 }, "geometry": { "type": "Polygon", "coordinates": [ [ [ 34.930478748469497, -16.178315386519305 ], [ 34.930478748469497, -15.918436704405298 ], [ 34.700402667515355, -15.918436704405298 ], [ 34.700402667515355, -16.178315386519305 ], [ 34.930478748469497, -16.178315386519305 ] ] ] } },
{ "type": "Feature", "properties": { "event": "EMSR562", "subevent": "EMSR562_2020-02-01", "date": "2020-02-01", "height": 2226, "width": 2388 }, "geometry": { "type": "Polygon", "coordinates": [ [ [ 135.764772919314964, -30.999946793167801 ], [ 135.764772919314964, -30.783549869015232 ], [ 135.532627431949123, -30.783549869015232 ], [ 135.532627431949123, -30.999946793167801 ], [ 135.764772919314964, -30.999946793167801 ] ] ] } },
{ "type": "Feature", "properties": { "event": "EMSR562", "subevent": "EMSR562_2022-01-31", "date": "2022-01-31", "height": 998, "width": 2523 }, "geometry": { "type": "Polygon", "coordinates": [ [ [ 143.559374748733376, -31.611798902127756 ], [ 143.559374748733376, -31.508814073923393 ], [ 143.299023324324935, -31.508814073923393 ], [ 143.299023324324935, -31.611798902127756 ], [ 143.559374748733376, -31.611798902127756 ] ] ] } },
{ "type": "Feature", "properties": { "event": "EMSR562", "subevent": "EMSR562_2022-02-03", "date": "2022-02-03", "height": 1337, "width": 2422 }, "geometry": { "type": "Polygon", "coordinates": [ [ [ 139.625775553821825, -17.7675861683642 ], [ 139.625775553821825, -17.642838917829991 ], [ 139.39979362353472, -17.642838917829991 ], [ 139.39979362353472, -17.7675861683642 ], [ 139.625775553821825, -17.7675861683642 ] ] ] } },
{ "type": "Feature", "properties": { "event": "EMSR567", "subevent": "EMSR567_2022-02-20", "date": "2022-02-20", "height": 3026, "width": 3455 }, "geometry": { "type": "Polygon", "coordinates": [ [ [ 152.868792502199085, -25.74178759720434 ], [ 152.868792502199085, -25.453718719823218 ], [ 152.539883721183969, -25.453718719823218 ], [ 152.539883721183969, -25.74178759720434 ], [ 152.868792502199085, -25.74178759720434 ] ] ] } },
{ "type": "Feature", "properties": { "event": "EMSR567", "subevent": "EMSR567_2022-02-27", "date": "2022-02-27", "height": 16136, "width": 6396 }, "geometry": { "type": "Polygon", "coordinates": [ [ [ 152.706186912888171, -27.620748079132635 ], [ 152.706186912888171, -26.145052645922128 ], [ 152.121249630363735, -26.145052645922128 ], [ 152.121249630363735, -27.620748079132635 ], [ 152.706186912888171, -27.620748079132635 ] ] ] } },
{ "type": "Feature", "properties": { "event": "EMSR567", "subevent": "EMSR567_2022-02-28", "date": "2022-02-28", "height": 15331, "width": 4013 }, "geometry": { "type": "Polygon", "coordinates": [ [ [ 153.327020281392834, -28.853991948352508 ], [ 153.327020281392834, -27.460446503156778 ], [ 152.962249694244548, -27.460446503156778 ], [ 152.962249694244548, -28.853991948352508 ], [ 153.327020281392834, -28.853991948352508 ] ] ] } },
{ "type": "Feature", "properties": { "event": "EMSR567", "subevent": "EMSR567_2022-03-01", "date": "2022-03-01", "height": 47680, "width": 7247 }, "geometry": { "type": "Polygon", "coordinates": [ [ [ 153.178327825943143, -29.767692511552582 ], [ 153.178327825943143, -25.453718719823218 ], [ 152.522636381550058, -25.453718719823218 ], [ 152.522636381550058, -29.767692511552582 ], [ 153.178327825943143, -29.767692511552582 ] ] ] } },
{ "type": "Feature", "properties": { "event": "EMSR567", "subevent": "EMSR567_2022-03-02", "date": "2022-03-02", "height": 47626, "width": 8912 }, "geometry": { "type": "Polygon", "coordinates": [ [ [ 153.329897546353834, -29.767747022667074 ], [ 153.329897546353834, -25.453718719823218 ], [ 152.522636381550058, -25.453718719823218 ], [ 152.522636381550058, -29.767747022667074 ], [ 153.329897546353834, -29.767747022667074 ] ] ] } },
{ "type": "Feature", "properties": { "event": "EMSR567", "subevent": "EMSR567_2022-03-03", "date": "2022-03-03", "height": 66639, "width": 34611 }, "geometry": { "type": "Polygon", "coordinates": [ [ [ 153.640211070588634, -34.966959981034989 ], [ 153.640211070588634, -28.788640174590011 ], [ 150.431311975151033, -28.788640174590011 ], [ 150.431311975151033, -34.966959981034989 ], [ 153.640211070588634, -34.966959981034989 ] ] ] } },
{ "type": "Feature", "properties": { "event": "EMSR567", "subevent": "EMSR567_2022-03-07", "date": "2022-03-07", "height": 17768, "width": 7327 }, "geometry": { "type": "Polygon", "coordinates": [ [ [ 151.243967107373351, -34.140158079082092 ], [ 151.243967107373351, -32.509702833085356 ], [ 150.571615374628067, -32.509702833085356 ], [ 150.571615374628067, -34.140158079082092 ], [ 151.243967107373351, -34.140158079082092 ] ] ] } },
{ "type": "Feature", "properties": { "event": "EMSR567", "subevent": "EMSR567_2022-03-09", "date": "2022-03-09", "height": 1130, "width": 1566 }, "geometry": { "type": "Polygon", "coordinates": [ [ [ 151.241048367141786, -32.630439933124499 ], [ 151.241048367141786, -32.517751089835812 ], [ 151.084879580778875, -32.517751089835812 ], [ 151.084879580778875, -32.630439933124499 ], [ 151.241048367141786, -32.630439933124499 ] ] ] } },
{ "type": "Feature", "properties": { "event": "EMSR568", "subevent": "EMSR568_2022-03-17", "date": "2022-03-17", "height": 13857, "width": 11523 }, "geometry": { "type": "Polygon", "coordinates": [ [ [ 40.869982059158197, -15.649765431983063 ], [ 40.869982059158197, -14.382661970129103 ], [ 39.8163028218815, -14.382661970129103 ], [ 39.8163028218815, -15.649765431983063 ], [ 40.869982059158197, -15.649765431983063 ] ] ] } },
{ "type": "Feature", "properties": { "event": "EMSR569", "subevent": "EMSR569_2022-03-22", "date": "2022-03-22", "height": 4756, "width": 6815 }, "geometry": { "type": "Polygon", "coordinates": [ [ [ -0.188430602133539, 39.422439904471034 ], [ -0.188430602133539, 39.921005281476496 ], [ -0.902838306988927, 39.921005281476496 ], [ -0.902838306988927, 39.422439904471034 ], [ -0.188430602133539, 39.422439904471034 ] ] ] } },
{ "type": "Feature", "properties": { "event": "EMSR570", "subevent": "EMSR570_2022-03-30", "date": "2022-03-30", "height": 4128, "width": 3043 }, "geometry": { "type": "Polygon", "coordinates": [ [ [ 153.476049804856984, -29.098264910633802 ], [ 153.476049804856984, -28.709850334864885 ], [ 153.189725784976929, -28.709850334864885 ], [ 153.189725784976929, -29.098264910633802 ], [ 153.476049804856984, -29.098264910633802 ] ] ] } },
{ "type": "Feature", "properties": { "event": "EMSR570", "subevent": "EMSR570_2022-03-31", "date": "2022-03-31", "height": 4743, "width": 3436 }, "geometry": { "type": "Polygon", "coordinates": [ [ [ 153.476236346603429, -29.155731471014267 ], [ 153.476236346603429, -28.709850519095831 ], [ 153.15322412843102, -28.709850519095831 ], [ 153.15322412843102, -29.155731471014267 ], [ 153.476236346603429, -29.155731471014267 ] ] ] } },
{ "type": "Feature", "properties": { "event": "EMSR570", "subevent": "EMSR570_2022-04-01", "date": "2022-04-01", "height": 4743, "width": 3436 }, "geometry": { "type": "Polygon", "coordinates": [ [ [ 153.476236347461281, -29.155731814390066 ], [ 153.476236347461281, -28.70985086197722 ], [ 153.153224128930702, -28.70985086197722 ], [ 153.153224128930702, -29.155731814390066 ], [ 153.476236347461281, -29.155731814390066 ] ] ] } },
{ "type": "Feature", "properties": { "event": "EMSR572", "subevent": "EMSR572_2022-04-03", "date": "2022-04-03", "height": 7525, "width": 11137 }, "geometry": { "type": "Polygon", "coordinates": [ [ [ 18.50439789862947, 42.639906531511016 ], [ 18.50439789862947, 43.468934099905695 ], [ 17.277437097405347, 43.468934099905695 ], [ 17.277437097405347, 42.639906531511016 ], [ 18.50439789862947, 42.639906531511016 ] ] ] } },
{ "type": "Feature", "properties": { "event": "EMSR574", "subevent": "EMSR574_2022-02-15", "date": "2022-02-15", "height": 3900, "width": 3737 }, "geometry": { "type": "Polygon", "coordinates": [ [ [ 152.803926517502191, -26.381848870745486 ], [ 152.803926517502191, -26.013008084197956 ], [ 152.450501384341123, -26.013008084197956 ], [ 152.450501384341123, -26.381848870745486 ], [ 152.803926517502191, -26.381848870745486 ] ] ] } },
{ "type": "Feature", "properties": { "event": "EMSR574", "subevent": "EMSR574_2022-05-15", "date": "2022-05-15", "height": 3153, "width": 5698 }, "geometry": { "type": "Polygon", "coordinates": [ [ [ 152.557077969756875, -27.677716362961348 ], [ 152.557077969756875, -27.367791631181362 ], [ 151.996991981275301, -27.367791631181362 ], [ 151.996991981275301, -27.677716362961348 ], [ 152.557077969756875, -27.677716362961348 ] ] ] } },
{ "type": "Feature", "properties": { "event": "EMSR586", "subevent": "EMSR586_2022-07-04", "date": "2022-07-04", "height": 8700, "width": 5631 }, "geometry": { "type": "Polygon", "coordinates": [ [ [ 151.08473561067629, -34.146304668413151 ], [ 151.08473561067629, -33.32889291701327 ], [ 150.555672901235738, -33.32889291701327 ], [ 150.555672901235738, -34.146304668413151 ], [ 151.08473561067629, -34.146304668413151 ] ] ] } },
{ "type": "Feature", "properties": { "event": "EMSR586", "subevent": "EMSR586_2022-07-05", "date": "2022-07-05", "height": 17254, "width": 14174 }, "geometry": { "type": "Polygon", "coordinates": [ [ [ 151.911971854024159, -34.156490121380017 ], [ 151.911971854024159, -32.505469852742159 ], [ 150.555674109288276, -32.505469852742159 ], [ 150.555674109288276, -34.156490121380017 ], [ 151.911971854024159, -34.156490121380017 ] ] ] } },
{ "type": "Feature", "properties": { "event": "EMSR586", "subevent": "EMSR586_2022-07-07", "date": "2022-07-07", "height": 9035, "width": 8623 }, "geometry": { "type": "Polygon", "coordinates": [ [ [ 151.912118645679044, -33.388855043127158 ], [ 151.912118645679044, -32.513937911216402 ], [ 151.077098122329119, -32.513937911216402 ], [ 151.077098122329119, -33.388855043127158 ], [ 151.912118645679044, -33.388855043127158 ] ] ] } },
{ "type": "Feature", "properties": { "event": "EMSR586", "subevent": "EMSR586_2022-07-08", "date": "2022-07-08", "height": 2681, "width": 3477 }, "geometry": { "type": "Polygon", "coordinates": [ [ [ 151.593148835826895, -33.385680721265345 ], [ 151.593148835826895, -33.118602636423653 ], [ 151.246774161826693, -33.118602636423653 ], [ 151.246774161826693, -33.385680721265345 ], [ 151.593148835826895, -33.385680721265345 ] ] ] } },
{ "type": "Feature", "properties": { "event": "EMSR586", "subevent": "EMSR586_2022-07-09", "date": "2022-07-09", "height": 4166, "width": 5276 }, "geometry": { "type": "Polygon", "coordinates": [ [ [ 151.911736482620825, -32.960490240946839 ], [ 151.911736482620825, -32.547345839471973 ], [ 151.388512799908057, -32.547345839471973 ], [ 151.388512799908057, -32.960490240946839 ], [ 151.911736482620825, -32.960490240946839 ] ] ] } },
{ "type": "Feature", "properties": { "event": "EMSR629", "subevent": "EMSR629_2022-08-30", "date": "2022-08-30", "height": 9386, "width": 8261 }, "geometry": { "type": "Polygon", "coordinates": [ [ [ 68.850037273367832, 27.455806061177466 ], [ 68.850037273367832, 28.345320685752739 ], [ 68.067139306862785, 28.345320685752739 ], [ 68.067139306862785, 27.455806061177466 ], [ 68.850037273367832, 27.455806061177466 ] ] ] } },
{ "type": "Feature", "properties": { "event": "EMSR631", "subevent": "EMSR631_2022-09-09", "date": "2022-09-09", "height": 807, "width": 893 }, "geometry": { "type": "Polygon", "coordinates": [ [ [ 68.990413882659126, 26.005460764206006 ], [ 68.990413882659126, 26.082331721644419 ], [ 68.905350976844375, 26.082331721644419 ], [ 68.905350976844375, 26.005460764206006 ], [ 68.990413882659126, 26.005460764206006 ] ] ] } },
{ "type": "Feature", "properties": { "event": "EMSR631", "subevent": "EMSR631_2022-09-11", "date": "2022-09-11", "height": 475, "width": 526 }, "geometry": { "type": "Polygon", "coordinates": [ [ [ 68.973161592911239, 26.020903310303755 ], [ 68.973161592911239, 26.066149451191318 ], [ 68.923057445317852, 26.066149451191318 ], [ 68.923057445317852, 26.020903310303755 ], [ 68.973161592911239, 26.020903310303755 ] ] ] } },
{ "type": "Feature", "properties": { "event": "EMSR631", "subevent": "EMSR631_2022-09-20", "date": "2022-09-20", "height": 891, "width": 1454 }, "geometry": { "type": "Polygon", "coordinates": [ [ [ 69.439828122043224, 25.779405460553125 ], [ 69.439828122043224, 25.865723705385516 ], [ 69.298967596806079, 25.865723705385516 ], [ 69.298967596806079, 25.779405460553125 ], [ 69.439828122043224, 25.779405460553125 ] ] ] } },
{ "type": "Feature", "properties": { "event": "EMSR631", "subevent": "EMSR631_2022-09-23", "date": "2022-09-23", "height": 891, "width": 1454 }, "geometry": { "type": "Polygon", "coordinates": [ [ [ 69.439828122043224, 25.779405460553125 ], [ 69.439828122043224, 25.865723705385516 ], [ 69.298967596806079, 25.865723705385516 ], [ 69.298967596806079, 25.779405460553125 ], [ 69.439828122043224, 25.779405460553125 ] ] ] } },
{ "type": "Feature", "properties": { "event": "EMSR634", "subevent": "EMSR634_2022-09-16", "date": "2022-09-16", "height": 2120, "width": 2938 }, "geometry": { "type": "Polygon", "coordinates": [ [ [ 13.303910633799699, 43.515277242769081 ], [ 13.303910633799699, 43.746709273188934 ], [ 12.983180772774444, 43.746709273188934 ], [ 12.983180772774444, 43.515277242769081 ], [ 13.303910633799699, 43.515277242769081 ] ] ] } },
{ "type": "Feature", "properties": { "event": "EMSR634", "subevent": "EMSR634_2022-09-18", "date": "2022-09-18", "height": 4367, "width": 7264 }, "geometry": { "type": "Polygon", "coordinates": [ [ [ 13.303287479680291, 43.294981579183855 ], [ 13.303287479680291, 43.785111892708798 ], [ 12.488012325696968, 43.785111892708798 ], [ 12.488012325696968, 43.294981579183855 ], [ 13.303287479680291, 43.294981579183855 ] ] ] } },
{ "type": "Feature", "properties": { "event": "EMSR637", "subevent": "EMSR637_2022-10-13", "date": "2022-10-13", "height": 39627, "width": 12369 }, "geometry": { "type": "Polygon", "coordinates": [ [ [ 148.383932893174801, -35.22217939648997 ], [ 148.383932893174801, -31.599744490305454 ], [ 147.253241764535318, -31.599744490305454 ], [ 147.253241764535318, -35.22217939648997 ], [ 148.383932893174801, -35.22217939648997 ] ] ] } },
{ "type": "Feature", "properties": { "event": "EMSR637", "subevent": "EMSR637_2022-10-14", "date": "2022-10-14", "height": 219, "width": 386 }, "geometry": { "type": "Polygon", "coordinates": [ [ [ 147.856986668922048, -31.710129886213753 ], [ 147.856986668922048, -31.68796239061361 ], [ 147.817915192658774, -31.68796239061361 ], [ 147.817915192658774, -31.710129886213753 ], [ 147.856986668922048, -31.710129886213753 ] ] ] } },
{ "type": "Feature", "properties": { "event": "EMSR637", "subevent": "EMSR637_2022-10-15", "date": "2022-10-15", "height": 50647, "width": 34286 }, "geometry": { "type": "Polygon", "coordinates": [ [ [ 147.906296617256004, -36.463986705334243 ], [ 147.906296617256004, -31.671686133371882 ], [ 144.662100171063713, -31.671686133371882 ], [ 144.662100171063713, -36.463986705334243 ], [ 147.906296617256004, -36.463986705334243 ] ] ] } },
{ "type": "Feature", "properties": { "event": "EMSR637", "subevent": "EMSR637_2022-10-16", "date": "2022-10-16", "height": 1802, "width": 2282 }, "geometry": { "type": "Polygon", "coordinates": [ [ [ 145.556423590139843, -36.505565437673283 ], [ 145.556423590139843, -36.323028012008898 ], [ 145.325263542766862, -36.323028012008898 ], [ 145.325263542766862, -36.505565437673283 ], [ 145.556423590139843, -36.505565437673283 ] ] ] } },
{ "type": "Feature", "properties": { "event": "EMSR637", "subevent": "EMSR637_2022-10-18", "date": "2022-10-18", "height": 4264, "width": 8309 }, "geometry": { "type": "Polygon", "coordinates": [ [ [ 145.561083351734482, -36.505657250214895 ], [ 145.561083351734482, -36.055917564679966 ], [ 144.684702712168416, -36.055917564679966 ], [ 144.684702712168416, -36.505657250214895 ], [ 145.561083351734482, -36.505657250214895 ] ] ] } },
{ "type": "Feature", "properties": { "event": "EMSR637", "subevent": "EMSR637_2022-10-19", "date": "2022-10-19", "height": 6470, "width": 10075 }, "geometry": { "type": "Polygon", "coordinates": [ [ [ 144.789921629671625, -36.187401203023363 ], [ 144.789921629671625, -35.514393450175568 ], [ 143.741922694595644, -35.514393450175568 ], [ 143.741922694595644, -36.187401203023363 ], [ 144.789921629671625, -36.187401203023363 ] ] ] } },
{ "type": "Feature", "properties": { "event": "EMSR637", "subevent": "EMSR637_2022-10-22", "date": "2022-10-22", "height": 6842, "width": 11086 }, "geometry": { "type": "Polygon", "coordinates": [ [ [ 144.864620689434076, -36.219620092591647 ], [ 144.864620689434076, -35.50520568403639 ], [ 143.707064692175436, -35.50520568403639 ], [ 143.707064692175436, -36.219620092591647 ], [ 144.864620689434076, -36.219620092591647 ] ] ] } },
{ "type": "Feature", "properties": { "event": "EMSR637", "subevent": "EMSR637_2022-10-24", "date": "2022-10-24", "height": 68694, "width": 69873 }, "geometry": { "type": "Polygon", "coordinates": [ [ [ 150.525148137373492, -36.052902357711986 ], [ 150.525148137373492, -29.365265772124815 ], [ 143.722731170175024, -29.365265772124815 ], [ 143.722731170175024, -36.052902357711986 ], [ 150.525148137373492, -36.052902357711986 ] ] ] } },
{ "type": "Feature", "properties": { "event": "EMSR637", "subevent": "EMSR637_2022-10-25", "date": "2022-10-25", "height": 74993, "width": 92559 }, "geometry": { "type": "Polygon", "coordinates": [ [ [ 153.87367805850792, -36.20755929039349 ], [ 153.87367805850792, -28.769823386683324 ], [ 144.693762632914741, -28.769823386683324 ], [ 144.693762632914741, -36.20755929039349 ], [ 153.87367805850792, -36.20755929039349 ] ] ] } },
{ "type": "Feature", "properties": { "event": "EMSR637", "subevent": "EMSR637_2022-10-26", "date": "2022-10-26", "height": 1128, "width": 1523 }, "geometry": { "type": "Polygon", "coordinates": [ [ [ 150.328037234211905, -31.029722907226869 ], [ 150.328037234211905, -30.918673486457802 ], [ 150.178100826560041, -30.918673486457802 ], [ 150.178100826560041, -31.029722907226869 ], [ 150.328037234211905, -31.029722907226869 ] ] ] } },
{ "type": "Feature", "properties": { "event": "EMSR637", "subevent": "EMSR637_2022-11-03", "date": "2022-11-03", "height": 2584, "width": 4495 }, "geometry": { "type": "Polygon", "coordinates": [ [ [ 148.204762436520042, -33.559471375245906 ], [ 148.204762436520042, -33.294548114037525 ], [ 147.743914890416448, -33.294548114037525 ], [ 147.743914890416448, -33.559471375245906 ], [ 148.204762436520042, -33.559471375245906 ] ] ] } },
{ "type": "Feature", "properties": { "event": "EMSR637", "subevent": "EMSR637_2022-11-04", "date": "2022-11-04", "height": 2584, "width": 4495 }, "geometry": { "type": "Polygon", "coordinates": [ [ [ 148.204762436520042, -33.559471375245906 ], [ 148.204762436520042, -33.294548114037525 ], [ 147.743914890416448, -33.294548114037525 ], [ 147.743914890416448, -33.559471375245906 ], [ 148.204762436520042, -33.559471375245906 ] ] ] } },
{ "type": "Feature", "properties": { "event": "EMSR637", "subevent": "EMSR637_2022-11-05", "date": "2022-11-05", "height": 2584, "width": 4495 }, "geometry": { "type": "Polygon", "coordinates": [ [ [ 148.204762436520042, -33.559471375245906 ], [ 148.204762436520042, -33.294548114037525 ], [ 147.743914890416448, -33.294548114037525 ], [ 147.743914890416448, -33.559471375245906 ], [ 148.204762436520042, -33.559471375245906 ] ] ] } },
{ "type": "Feature", "properties": { "event": "EMSR637", "subevent": "EMSR637_2022-11-07", "date": "2022-11-07", "height": 2584, "width": 4495 }, "geometry": { "type": "Polygon", "coordinates": [ [ [ 148.204762436520042, -33.559471375245906 ], [ 148.204762436520042, -33.294548114037525 ], [ 147.743914890416448, -33.294548114037525 ], [ 147.743914890416448, -33.559471375245906 ], [ 148.204762436520042, -33.559471375245906 ] ] ] } },
{ "type": "Feature", "properties": { "event": "EMSR639", "subevent": "EMSR639_2022-11-03", "date": "2022-11-03", "height": 8409, "width": 3800 }, "geometry": { "type": "Polygon", "coordinates": [ [ [ -88.175233445972339, 17.118030894909271 ], [ -88.175233445972339, 17.883148256437583 ], [ -88.520987515874538, 17.883148256437583 ], [ -88.520987515874538, 17.118030894909271 ], [ -88.175233445972339, 17.118030894909271 ] ] ] } },
{ "type": "Feature", "properties": { "event": "EMSR639", "subevent": "EMSR639_2022-11-06", "date": "2022-11-06", "height": 620, "width": 1749 }, "geometry": { "type": "Polygon", "coordinates": [ [ [ -88.256850068619642, 17.430019286213572 ], [ -88.256850068619642, 17.488137201879915 ], [ -88.420798833942925, 17.488137201879915 ], [ -88.420798833942925, 17.430019286213572 ], [ -88.256850068619642, 17.430019286213572 ] ] ] } },
{ "type": "Feature", "properties": { "event": "EMSR639", "subevent": "EMSR639_2022-11-10", "date": "2022-11-10", "height": 763, "width": 1942 }, "geometry": { "type": "Polygon", "coordinates": [ [ [ -88.242824750821796, 17.525728766920817 ], [ -88.242824750821796, 17.597220006913012 ], [ -88.424785416699706, 17.597220006913012 ], [ -88.424785416699706, 17.525728766920817 ], [ -88.242824750821796, 17.525728766920817 ] ] ] } },
{ "type": "Feature", "properties": { "event": "EMSR639", "subevent": "EMSR639_2022-11-11", "date": "2022-11-11", "height": 620, "width": 1749 }, "geometry": { "type": "Polygon", "coordinates": [ [ [ -88.256850068619642, 17.430019286213572 ], [ -88.256850068619642, 17.488137201879915 ], [ -88.420798833942925, 17.488137201879915 ], [ -88.420798833942925, 17.430019286213572 ], [ -88.256850068619642, 17.430019286213572 ] ] ] } },
{ "type": "Feature", "properties": { "event": "EMSR640", "subevent": "EMSR640_2022-11-18", "date": "2022-11-18", "height": 6945, "width": 11970 }, "geometry": { "type": "Polygon", "coordinates": [ [ [ -2.067637460717532, 56.515958668996184 ], [ -2.067637460717532, 57.417993002833512 ], [ -3.622331625733054, 57.417993002833512 ], [ -3.622331625733054, 56.515958668996184 ], [ -2.067637460717532, 56.515958668996184 ] ] ] } },
{ "type": "Feature", "properties": { "event": "EMSR640", "subevent": "EMSR640_2022-11-20", "date": "2022-11-20", "height": 6945, "width": 11970 }, "geometry": { "type": "Polygon", "coordinates": [ [ [ -2.067637460717532, 56.515958668996184 ], [ -2.067637460717532, 57.417993002833512 ], [ -3.622331625733054, 57.417993002833512 ], [ -3.622331625733054, 56.515958668996184 ], [ -2.067637460717532, 56.515958668996184 ] ] ] } },
{ "type": "Feature", "properties": { "event": "EMSR640", "subevent": "EMSR640_2022-11-21", "date": "2022-11-21", "height": 5873, "width": 11416 }, "geometry": { "type": "Polygon", "coordinates": [ [ [ -2.070366005621209, 56.515968929560628 ], [ -2.070366005621209, 57.303862611325208 ], [ -3.601882142352771, 57.303862611325208 ], [ -3.601882142352771, 56.515968929560628 ], [ -2.070366005621209, 56.515968929560628 ] ] ] } },
{ "type": "Feature", "properties": { "event": "EMSR649", "subevent": "EMSR649_2023-02-11", "date": "2023-02-11", "height": 698, "width": 2325 }, "geometry": { "type": "Polygon", "coordinates": [ [ [ 15.09073459741521, 37.374427148006191 ], [ 15.09073459741521, 37.4515098839384 ], [ 14.833976200506353, 37.4515098839384 ], [ 14.833976200506353, 37.374427148006191 ], [ 15.09073459741521, 37.374427148006191 ] ] ] } },
{ "type": "Feature", "properties": { "event": "EMSR649", "subevent": "EMSR649_2023-02-12", "date": "2023-02-12", "height": 2101, "width": 2528 }, "geometry": { "type": "Polygon", "coordinates": [ [ [ 15.172426033610339, 36.641207601046304 ], [ 15.172426033610339, 36.854045295219365 ], [ 14.916331939907581, 36.854045295219365 ], [ 14.916331939907581, 36.641207601046304 ], [ 15.172426033610339, 36.641207601046304 ] ] ] } },
{ "type": "Feature", "properties": { "event": "EMSR650", "subevent": "EMSR650_2023-02-13", "date": "2023-02-13", "height": 18019, "width": 18803 }, "geometry": { "type": "Polygon", "coordinates": [ [ [ 33.767546308609163, -26.386238578239603 ], [ 33.767546308609163, -24.679007519906541 ], [ 31.986034260779842, -24.679007519906541 ], [ 31.986034260779842, -26.386238578239603 ], [ 33.767546308609163, -26.386238578239603 ] ] ] } },
{ "type": "Feature", "properties": { "event": "EMSR650", "subevent": "EMSR650_2023-02-16", "date": "2023-02-16", "height": 9429, "width": 10123 }, "geometry": { "type": "Polygon", "coordinates": [ [ [ 33.334054556068658, -26.107153028806163 ], [ 33.334054556068658, -25.212001363009087 ], [ 32.373017297306987, -25.212001363009087 ], [ 32.373017297306987, -26.107153028806163 ], [ 33.334054556068658, -26.107153028806163 ] ] ] } },
{ "type": "Feature", "properties": { "event": "EMSR650", "subevent": "EMSR650_2023-02-21", "date": "2023-02-21", "height": 17740, "width": 17779 }, "geometry": { "type": "Polygon", "coordinates": [ [ [ 36.116587740064112, -18.395961576626515 ], [ 36.116587740064112, -16.763785864313395 ], [ 34.480823817334972, -16.763785864313395 ], [ 34.480823817334972, -18.395961576626515 ], [ 36.116587740064112, -18.395961576626515 ] ] ] } },
{ "type": "Feature", "properties": { "event": "EMSR657", "subevent": "EMSR657_2023-04-01", "date": "2023-04-01", "height": 4011, "width": 6456 }, "geometry": { "type": "Polygon", "coordinates": [ [ [ 26.752996956695089, 55.797960972709575 ], [ 26.752996956695089, 56.307735112572637 ], [ 25.932477922300695, 56.307735112572637 ], [ 25.932477922300695, 55.797960972709575 ], [ 26.752996956695089, 55.797960972709575 ] ] ] } },
{ "type": "Feature", "properties": { "event": "EMSR657", "subevent": "EMSR657_2023-04-02", "date": "2023-04-02", "height": 4011, "width": 6456 }, "geometry": { "type": "Polygon", "coordinates": [ [ [ 26.752996956695089, 55.797960972709575 ], [ 26.752996956695089, 56.307735112572637 ], [ 25.932477922300695, 56.307735112572637 ], [ 25.932477922300695, 55.797960972709575 ], [ 26.752996956695089, 55.797960972709575 ] ] ] } },
{ "type": "Feature", "properties": { "event": "EMSR657", "subevent": "EMSR657_2023-04-03", "date": "2023-04-03", "height": 4011, "width": 6456 }, "geometry": { "type": "Polygon", "coordinates": [ [ [ 26.752996956695089, 55.797960972709575 ], [ 26.752996956695089, 56.307735112572637 ], [ 25.932477922300695, 56.307735112572637 ], [ 25.932477922300695, 55.797960972709575 ], [ 26.752996956695089, 55.797960972709575 ] ] ] } },
{ "type": "Feature", "properties": { "event": "EMSR657", "subevent": "EMSR657_2023-04-04", "date": "2023-04-04", "height": 4011, "width": 6456 }, "geometry": { "type": "Polygon", "coordinates": [ [ [ 26.752996956695089, 55.797960972709575 ], [ 26.752996956695089, 56.307735112572637 ], [ 25.932477922300695, 56.307735112572637 ], [ 25.932477922300695, 55.797960972709575 ], [ 26.752996956695089, 55.797960972709575 ] ] ] } },
{ "type": "Feature", "properties": { "event": "EMSR657", "subevent": "EMSR657_2023-04-05", "date": "2023-04-05", "height": 4011, "width": 6456 }, "geometry": { "type": "Polygon", "coordinates": [ [ [ 26.752996956695089, 55.797960972709575 ], [ 26.752996956695089, 56.307735112572637 ], [ 25.932477922300695, 56.307735112572637 ], [ 25.932477922300695, 55.797960972709575 ], [ 26.752996956695089, 55.797960972709575 ] ] ] } },
{ "type": "Feature", "properties": { "event": "EMSR657", "subevent": "EMSR657_2023-04-06", "date": "2023-04-06", "height": 4011, "width": 6456 }, "geometry": { "type": "Polygon", "coordinates": [ [ [ 26.752996956695089, 55.797960972709575 ], [ 26.752996956695089, 56.307735112572637 ], [ 25.932477922300695, 56.307735112572637 ], [ 25.932477922300695, 55.797960972709575 ], [ 26.752996956695089, 55.797960972709575 ] ] ] } },
{ "type": "Feature", "properties": { "event": "EMSR657", "subevent": "EMSR657_2023-04-08", "date": "2023-04-08", "height": 4011, "width": 6456 }, "geometry": { "type": "Polygon", "coordinates": [ [ [ 26.752996956695089, 55.797960972709575 ], [ 26.752996956695089, 56.307735112572637 ], [ 25.932477922300695, 56.307735112572637 ], [ 25.932477922300695, 55.797960972709575 ], [ 26.752996956695089, 55.797960972709575 ] ] ] } },
{ "type": "Feature", "properties": { "event": "EMSR659", "subevent": "EMSR659_2023-05-04", "date": "2023-05-04", "height": 2985, "width": 4616 }, "geometry": { "type": "Polygon", "coordinates": [ [ [ 12.073154404165011, 44.265316737540758 ], [ 12.073154404165011, 44.593496747187174 ], [ 11.565657277019996, 44.593496747187174 ], [ 11.565657277019996, 44.265316737540758 ], [ 12.073154404165011, 44.265316737540758 ] ] ] } },
{ "type": "Feature", "properties": { "event": "EMSR659", "subevent": "EMSR659_2023-05-05", "date": "2023-05-05", "height": 3253, "width": 4685 }, "geometry": { "type": "Polygon", "coordinates": [ [ [ 12.074523861833757, 44.265336061629561 ], [ 12.074523861833757, 44.618664624617885 ], [ 11.565656872101117, 44.618664624617885 ], [ 11.565656872101117, 44.265336061629561 ], [ 12.074523861833757, 44.265336061629561 ] ] ] } },
{ "type": "Feature", "properties": { "event": "EMSR659", "subevent": "EMSR659_2023-05-06", "date": "2023-05-06", "height": 2717, "width": 5631 }, "geometry": { "type": "Polygon", "coordinates": [ [ [ 11.890079785148856, 44.112457428191995 ], [ 11.890079785148856, 44.424503147448164 ], [ 11.243363022126593, 44.424503147448164 ], [ 11.243363022126593, 44.112457428191995 ], [ 11.890079785148856, 44.112457428191995 ] ] ] } },
{ "type": "Feature", "properties": { "event": "EMSR663", "subevent": "EMSR663_2023-05-18", "date": "2023-05-18", "height": 1686, "width": 1252 }, "geometry": { "type": "Polygon", "coordinates": [ [ [ 35.898398976382069, -15.3238265605242 ], [ 35.898398976382069, -15.169953459971675 ], [ 35.784134965770107, -15.169953459971675 ], [ 35.784134965770107, -15.3238265605242 ], [ 35.898398976382069, -15.3238265605242 ] ] ] } },
{ "type": "Feature", "properties": { "event": "EMSR664", "subevent": "EMSR664_2023-05-17", "date": "2023-05-17", "height": 5597, "width": 8439 }, "geometry": { "type": "Polygon", "coordinates": [ [ [ 12.486324886767548, 43.984233480307353 ], [ 12.486324886767548, 44.609800082269778 ], [ 11.543113067228346, 44.609800082269778 ], [ 11.543113067228346, 43.984233480307353 ], [ 12.486324886767548, 43.984233480307353 ] ] ] } },
{ "type": "Feature", "properties": { "event": "EMSR664", "subevent": "EMSR664_2023-05-18", "date": "2023-05-18", "height": 5597, "width": 8439 }, "geometry": { "type": "Polygon", "coordinates": [ [ [ 12.486324886767548, 43.984233480307353 ], [ 12.486324886767548, 44.609800082269778 ], [ 11.543113067228346, 44.609800082269778 ], [ 11.543113067228346, 43.984233480307353 ], [ 12.486324886767548, 43.984233480307353 ] ] ] } },
{ "type": "Feature", "properties": { "event": "EMSR664", "subevent": "EMSR664_2023-05-20", "date": "2023-05-20", "height": 5568, "width": 9756 }, "geometry": { "type": "Polygon", "coordinates": [ [ [ 12.486393887913039, 43.97888646835812 ], [ 12.486393887913039, 44.615894616829415 ], [ 11.370256765699322, 44.615894616829415 ], [ 11.370256765699322, 43.97888646835812 ], [ 12.486393887913039, 43.97888646835812 ] ] ] } },
{ "type": "Feature", "properties": { "event": "EMSR664", "subevent": "EMSR664_2023-05-21", "date": "2023-05-21", "height": 5469, "width": 10703 }, "geometry": { "type": "Polygon", "coordinates": [ [ [ 12.511403003880911, 43.985868559108837 ], [ 12.511403003880911, 44.60874181493628 ], [ 11.292421022326485, 44.60874181493628 ], [ 11.292421022326485, 43.985868559108837 ], [ 12.511403003880911, 43.985868559108837 ] ] ] } },
{ "type": "Feature", "properties": { "event": "EMSR664", "subevent": "EMSR664_2023-05-22", "date": "2023-05-22", "height": 1968, "width": 4973 }, "geometry": { "type": "Polygon", "coordinates": [ [ [ 12.283637096521584, 44.108984406855015 ], [ 12.283637096521584, 44.340101039864862 ], [ 11.699621336380339, 44.340101039864862 ], [ 11.699621336380339, 44.108984406855015 ], [ 12.283637096521584, 44.108984406855015 ] ] ] } },
{ "type": "Feature", "properties": { "event": "EMSR665", "subevent": "EMSR665_2023-05-18", "date": "2023-05-18", "height": 4483, "width": 5553 }, "geometry": { "type": "Polygon", "coordinates": [ [ [ 17.056027200543177, 44.587672138624583 ], [ 17.056027200543177, 45.065504341747811 ], [ 16.464146267252232, 45.065504341747811 ], [ 16.464146267252232, 44.587672138624583 ], [ 17.056027200543177, 44.587672138624583 ] ] ] } },
{ "type": "Feature", "properties": { "event": "EMSR665", "subevent": "EMSR665_2023-05-19", "date": "2023-05-19", "height": 6388, "width": 7088 }, "geometry": { "type": "Polygon", "coordinates": [ [ [ 16.485752253060607, 44.362177778397538 ], [ 16.485752253060607, 45.031806632318975 ], [ 15.742745159041331, 45.031806632318975 ], [ 15.742745159041331, 44.362177778397538 ], [ 16.485752253060607, 44.362177778397538 ] ] ] } },
{ "type": "Feature", "properties": { "event": "EMSR668", "subevent": "EMSR668_2023-05-23", "date": "2023-05-23", "height": 13020, "width": 22430 }, "geometry": { "type": "Polygon", "coordinates": [ [ [ 12.47418690987571, 59.701242190866118 ], [ 12.47418690987571, 61.537747528985058 ], [ 9.310376254421962, 61.537747528985058 ], [ 9.310376254421962, 59.701242190866118 ], [ 12.47418690987571, 59.701242190866118 ] ] ] } },
{ "type": "Feature", "properties": { "event": "EMSR668", "subevent": "EMSR668_2023-05-24", "date": "2023-05-24", "height": 657, "width": 1953 }, "geometry": { "type": "Polygon", "coordinates": [ [ [ 23.54576724274601, 69.864296172922792 ], [ 23.54576724274601, 69.989694223036352 ], [ 23.17300865542213, 69.989694223036352 ], [ 23.17300865542213, 69.864296172922792 ], [ 23.54576724274601, 69.864296172922792 ] ] ] } },
{ "type": "Feature", "properties": { "event": "EMSR668", "subevent": "EMSR668_2023-05-25", "date": "2023-05-25", "height": 3770, "width": 5970 }, "geometry": { "type": "Polygon", "coordinates": [ [ [ 10.32705090006395, 59.724692234910385 ], [ 10.32705090006395, 60.215394132969841 ], [ 9.5499977617576, 60.215394132969841 ], [ 9.5499977617576, 59.724692234910385 ], [ 10.32705090006395, 59.724692234910385 ] ] ] } },
{ "type": "Feature", "properties": { "event": "EMSR680", "subevent": "EMSR680_2023-08-05", "date": "2023-08-05", "height": 6034, "width": 20902 }, "geometry": { "type": "Polygon", "coordinates": [ [ [ 16.606732350949336, 45.998485598873458 ], [ 16.606732350949336, 46.752031850033433 ], [ 13.996420163056438, 46.752031850033433 ], [ 13.996420163056438, 45.998485598873458 ], [ 16.606732350949336, 45.998485598873458 ] ] ] } },
{ "type": "Feature", "properties": { "event": "EMSR680", "subevent": "EMSR680_2023-08-08", "date": "2023-08-08", "height": 165, "width": 388 }, "geometry": { "type": "Polygon", "coordinates": [ [ [ 14.834870487386977, 46.288119275927748 ], [ 14.834870487386977, 46.307978596960069 ], [ 14.788170993080678, 46.307978596960069 ], [ 14.788170993080678, 46.288119275927748 ], [ 14.834870487386977, 46.288119275927748 ] ] ] } },
{ "type": "Feature", "properties": { "event": "EMSR680", "subevent": "EMSR680_2023-08-10", "date": "2023-08-10", "height": 441, "width": 1297 }, "geometry": { "type": "Polygon", "coordinates": [ [ [ 14.877426372771376, 46.315106889938484 ], [ 14.877426372771376, 46.369492245438721 ], [ 14.717476699111943, 46.369492245438721 ], [ 14.717476699111943, 46.315106889938484 ], [ 14.877426372771376, 46.315106889938484 ] ] ] } },
{ "type": "Feature", "properties": { "event": "EMSR680", "subevent": "EMSR680_2023-08-11", "date": "2023-08-11", "height": 624, "width": 1914 }, "geometry": { "type": "Polygon", "coordinates": [ [ [ 16.323664494730973, 46.526749220849908 ], [ 16.323664494730973, 46.604066753490542 ], [ 16.086507832112101, 46.604066753490542 ], [ 16.086507832112101, 46.526749220849908 ], [ 16.323664494730973, 46.526749220849908 ] ] ] } },
{ "type": "Feature", "properties": { "event": "EMSR680", "subevent": "EMSR680_2023-08-12", "date": "2023-08-12", "height": 304, "width": 239 }, "geometry": { "type": "Polygon", "coordinates": [ [ [ 14.709002705780513, 46.401521079950406 ], [ 14.709002705780513, 46.432129906015398 ], [ 14.684938530025471, 46.432129906015398 ], [ 14.684938530025471, 46.401521079950406 ], [ 14.709002705780513, 46.401521079950406 ] ] ] } },
{ "type": "Feature", "properties": { "event": "EMSR680", "subevent": "EMSR680_2023-08-26", "date": "2023-08-26", "height": 2848, "width": 3793 }, "geometry": { "type": "Polygon", "coordinates": [ [ [ 14.975803211719105, 46.252887135368326 ], [ 14.975803211719105, 46.567152873376656 ], [ 14.557260394210113, 46.567152873376656 ], [ 14.557260394210113, 46.252887135368326 ], [ 14.975803211719105, 46.252887135368326 ] ] ] } },
{ "type": "Feature", "properties": { "event": "EMSR683", "subevent": "EMSR683_2023-08-09", "date": "2023-08-09", "height": 8402, "width": 13583 }, "geometry": { "type": "Polygon", "coordinates": [ [ [ 10.278901283622558, 60.770285821793323 ], [ 10.278901283622558, 61.893276638730384 ], [ 8.463430649671576, 61.893276638730384 ], [ 8.463430649671576, 60.770285821793323 ], [ 10.278901283622558, 60.770285821793323 ] ] ] } },
{ "type": "Feature", "properties": { "event": "EMSR683", "subevent": "EMSR683_2023-08-10", "date": "2023-08-10", "height": 12592, "width": 12088 }, "geometry": { "type": "Polygon", "coordinates": [ [ [ 10.248441232543851, 60.453512135794043 ], [ 10.248441232543851, 61.857904422414137 ], [ 8.900260327154422, 61.857904422414137 ], [ 8.900260327154422, 60.453512135794043 ], [ 10.248441232543851, 60.453512135794043 ] ] ] } },
{ "type": "Feature", "properties": { "event": "EMSR683", "subevent": "EMSR683_2023-08-11", "date": "2023-08-11", "height": 8530, "width": 13177 }, "geometry": { "type": "Polygon", "coordinates": [ [ [ 10.197242572812392, 60.770910955711244 ], [ 10.197242572812392, 61.893276873931718 ], [ 8.463430649671576, 61.893276873931718 ], [ 8.463430649671576, 60.770910955711244 ], [ 10.197242572812392, 60.770910955711244 ] ] ] } },
{ "type": "Feature", "properties": { "event": "EMSR683", "subevent": "EMSR683_2023-08-12", "date": "2023-08-12", "height": 8215, "width": 5646 }, "geometry": { "type": "Polygon", "coordinates": [ [ [ 10.459611329754466, 60.048866750036396 ], [ 10.459611329754466, 60.877542261149891 ], [ 9.890079749018399, 60.877542261149891 ], [ 9.890079749018399, 60.048866750036396 ], [ 10.459611329754466, 60.048866750036396 ] ] ] } },
{ "type": "Feature", "properties": { "event": "EMSR683", "subevent": "EMSR683_2023-08-17", "date": "2023-08-17", "height": 2519, "width": 10334 }, "geometry": { "type": "Polygon", "coordinates": [ [ [ 10.235892937041008, 61.43807980184048 ], [ 10.235892937041008, 61.873223072824707 ], [ 8.450751784857216, 61.873223072824707 ], [ 8.450751784857216, 61.43807980184048 ], [ 10.235892937041008, 61.43807980184048 ] ] ] } },
{ "type": "Feature", "properties": { "event": "EMSR683", "subevent": "EMSR683_2023-08-22", "date": "2023-08-22", "height": 11753, "width": 12313 }, "geometry": { "type": "Polygon", "coordinates": [ [ [ 9.611583753701465, 60.559472445037393 ], [ 9.611583753701465, 61.9168380777257 ], [ 8.189543165316277, 61.9168380777257 ], [ 8.189543165316277, 60.559472445037393 ], [ 9.611583753701465, 60.559472445037393 ] ] ] } },
{ "type": "Feature", "properties": { "event": "EMSR692", "subevent": "EMSR692_2023-09-06", "date": "2023-09-06", "height": 6540, "width": 18821 }, "geometry": { "type": "Polygon", "coordinates": [ [ [ 23.571685272446153, 39.06253750313315 ], [ 23.571685272446153, 39.795870882215866 ], [ 21.461277393590525, 39.795870882215866 ], [ 21.461277393590525, 39.06253750313315 ], [ 23.571685272446153, 39.06253750313315 ] ] ] } },
{ "type": "Feature", "properties": { "event": "EMSR692", "subevent": "EMSR692_2023-09-07", "date": "2023-09-07", "height": 7802, "width": 19066 }, "geometry": { "type": "Polygon", "coordinates": [ [ [ 23.576596347127975, 39.062565428539301 ], [ 23.576596347127975, 39.928175223854119 ], [ 21.461277665062827, 39.928175223854119 ], [ 21.461277665062827, 39.062565428539301 ], [ 23.576596347127975, 39.062565428539301 ] ] ] } },
{ "type": "Feature", "properties": { "event": "EMSR692", "subevent": "EMSR692_2023-09-09", "date": "2023-09-09", "height": 7802, "width": 19066 }, "geometry": { "type": "Polygon", "coordinates": [ [ [ 23.576596347127975, 39.062565428539301 ], [ 23.576596347127975, 39.928175223854119 ], [ 21.461277665062827, 39.928175223854119 ], [ 21.461277665062827, 39.062565428539301 ], [ 23.576596347127975, 39.062565428539301 ] ] ] } },
{ "type": "Feature", "properties": { "event": "EMSR692", "subevent": "EMSR692_2023-09-10", "date": "2023-09-10", "height": 7505, "width": 11364 }, "geometry": { "type": "Polygon", "coordinates": [ [ [ 22.93954299322121, 39.165700296528463 ], [ 22.93954299322121, 39.959685708219688 ], [ 21.737297794225995, 39.959685708219688 ], [ 21.737297794225995, 39.165700296528463 ], [ 22.93954299322121, 39.165700296528463 ] ] ] } },
{ "type": "Feature", "properties": { "event": "EMSR692", "subevent": "EMSR692_2023-09-11", "date": "2023-09-11", "height": 5071, "width": 3237 }, "geometry": { "type": "Polygon", "coordinates": [ [ [ 22.046428312132925, 39.193247332891374 ], [ 22.046428312132925, 39.677254522523938 ], [ 21.737469275879597, 39.677254522523938 ], [ 21.737469275879597, 39.193247332891374 ], [ 22.046428312132925, 39.193247332891374 ] ] ] } },
{ "type": "Feature", "properties": { "event": "EMSR692", "subevent": "EMSR692_2023-09-12", "date": "2023-09-12", "height": 7646, "width": 11389 }, "geometry": { "type": "Polygon", "coordinates": [ [ [ 22.939560269528432, 39.152454485795225 ], [ 22.939560269528432, 39.959685708219688 ], [ 21.737159485825554, 39.959685708219688 ], [ 21.737159485825554, 39.152454485795225 ], [ 22.939560269528432, 39.152454485795225 ] ] ] } },
{ "type": "Feature", "properties": { "event": "EMSR692", "subevent": "EMSR692_2023-09-14", "date": "2023-09-14", "height": 7646, "width": 11389 }, "geometry": { "type": "Polygon", "coordinates": [ [ [ 22.939560269528432, 39.152454485795225 ], [ 22.939560269528432, 39.959685708219688 ], [ 21.737159485825554, 39.959685708219688 ], [ 21.737159485825554, 39.152454485795225 ], [ 22.939560269528432, 39.152454485795225 ] ] ] } },
{ "type": "Feature", "properties": { "event": "EMSR692", "subevent": "EMSR692_2023-09-15", "date": "2023-09-15", "height": 7143, "width": 6852 }, "geometry": { "type": "Polygon", "coordinates": [ [ [ 22.713871430096713, 39.155905146300945 ], [ 22.713871430096713, 39.868056085404376 ], [ 22.030732940003375, 39.868056085404376 ], [ 22.030732940003375, 39.155905146300945 ], [ 22.713871430096713, 39.155905146300945 ] ] ] } },
{ "type": "Feature", "properties": { "event": "EMSR692", "subevent": "EMSR692_2023-09-17", "date": "2023-09-17", "height": 7646, "width": 11389 }, "geometry": { "type": "Polygon", "coordinates": [ [ [ 22.939560269528432, 39.152454485795225 ], [ 22.939560269528432, 39.959685708219688 ], [ 21.737159485825554, 39.959685708219688 ], [ 21.737159485825554, 39.152454485795225 ], [ 22.939560269528432, 39.152454485795225 ] ] ] } },
{ "type": "Feature", "properties": { "event": "EMSR692", "subevent": "EMSR692_2023-09-18", "date": "2023-09-18", "height": 5071, "width": 3237 }, "geometry": { "type": "Polygon", "coordinates": [ [ [ 22.046428312132925, 39.193247332891374 ], [ 22.046428312132925, 39.677254522523938 ], [ 21.737469275879597, 39.677254522523938 ], [ 21.737469275879597, 39.193247332891374 ], [ 22.046428312132925, 39.193247332891374 ] ] ] } },
{ "type": "Feature", "properties": { "event": "EMSR692", "subevent": "EMSR692_2023-09-19", "date": "2023-09-19", "height": 7906, "width": 8927 }, "geometry": { "type": "Polygon", "coordinates": [ [ [ 22.93962537297659, 39.152454672966016 ], [ 22.93962537297659, 39.957395458478246 ], [ 22.030732583668769, 39.957395458478246 ], [ 22.030732583668769, 39.152454672966016 ], [ 22.93962537297659, 39.152454672966016 ] ] ] } },
{ "type": "Feature", "properties": { "event": "EMSR692", "subevent": "EMSR692_2023-09-22", "date": "2023-09-22", "height": 4222, "width": 8229 }, "geometry": { "type": "Polygon", "coordinates": [ [ [ 22.911066017453845, 39.408868699973247 ], [ 22.911066017453845, 39.868602212382122 ], [ 22.015010339194102, 39.868602212382122 ], [ 22.015010339194102, 39.408868699973247 ], [ 22.911066017453845, 39.408868699973247 ] ] ] } },
{ "type": "Feature", "properties": { "event": "EMSR694", "subevent": "EMSR694_2023-09-08", "date": "2023-09-08", "height": 1903, "width": 4756 }, "geometry": { "type": "Polygon", "coordinates": [ [ [ -3.9266437461188, 40.129237813566668 ], [ -3.9266437461188, 40.343638685628953 ], [ -4.462476929265526, 40.343638685628953 ], [ -4.462476929265526, 40.129237813566668 ], [ -3.9266437461188, 40.129237813566668 ] ] ] } },
{ "type": "Feature", "properties": { "event": "EMSR696", "subevent": "EMSR696_2022-09-13", "date": "2022-09-13", "height": 1411, "width": 2000 }, "geometry": { "type": "Polygon", "coordinates": [ [ [ 20.211633400008644, 32.041436168940891 ], [ 20.211633400008644, 32.182551160765186 ], [ 20.01161215008052, 32.182551160765186 ], [ 20.01161215008052, 32.041436168940891 ], [ 20.211633400008644, 32.041436168940891 ] ] ] } },
{ "type": "Feature", "properties": { "event": "EMSR696", "subevent": "EMSR696_2023-09-13", "date": "2023-09-13", "height": 4316, "width": 17994 }, "geometry": { "type": "Polygon", "coordinates": [ [ [ 22.690835608750739, 32.455613467539941 ], [ 22.690835608750739, 32.91101688791661 ], [ 20.792195862166452, 32.91101688791661 ], [ 20.792195862166452, 32.455613467539941 ], [ 22.690835608750739, 32.455613467539941 ] ] ] } },
{ "type": "Feature", "properties": { "event": "EMSR697", "subevent": "EMSR697_2023-09-28", "date": "2023-09-28", "height": 3176, "width": 15188 }, "geometry": { "type": "Polygon", "coordinates": [ [ [ 23.639260754446461, 38.720230020115494 ], [ 23.639260754446461, 39.08150686441018 ], [ 21.911593024236218, 39.08150686441018 ], [ 21.911593024236218, 38.720230020115494 ], [ 23.639260754446461, 38.720230020115494 ] ] ] } },
{ "type": "Feature", "properties": { "event": "EMSR698", "subevent": "EMSR698_2023-10-08", "date": "2023-10-08", "height": 16411, "width": 15715 }, "geometry": { "type": "Polygon", "coordinates": [ [ [ -3.008732374947158, 55.857531555613051 ], [ -3.008732374947158, 57.670434095710839 ], [ -4.744748669971029, 57.670434095710839 ], [ -4.744748669971029, 55.857531555613051 ], [ -3.008732374947158, 55.857531555613051 ] ] ] } },
{ "type": "Feature", "properties": { "event": "EMSR698", "subevent": "EMSR698_2023-10-10", "date": "2023-10-10", "height": 11835, "width": 11325 }, "geometry": { "type": "Polygon", "coordinates": [ [ [ -3.008711587521577, 56.362641526931824 ], [ -3.008711587521577, 57.670434100823655 ], [ -4.260148080916171, 57.670434100823655 ], [ -4.260148080916171, 56.362641526931824 ], [ -3.008711587521577, 56.362641526931824 ] ] ] } },
{ "type": "Feature", "properties": { "event": "EMSR705", "subevent": "EMSR705_2023-11-04", "date": "2023-11-04", "height": 2777, "width": 5193 }, "geometry": { "type": "Polygon", "coordinates": [ [ [ 11.023279028412119, 43.492859164080322 ], [ 11.023279028412119, 43.805973822462192 ], [ 10.437753489709545, 43.805973822462192 ], [ 10.437753489709545, 43.492859164080322 ], [ 11.023279028412119, 43.492859164080322 ] ] ] } },
{ "type": "Feature", "properties": { "event": "EMSR705", "subevent": "EMSR705_2023-11-05", "date": "2023-11-05", "height": 734, "width": 1315 }, "geometry": { "type": "Polygon", "coordinates": [ [ [ 11.124342309589286, 43.876710287327576 ], [ 11.124342309589286, 43.95912176504482 ], [ 10.976697768447359, 43.95912176504482 ], [ 10.976697768447359, 43.876710287327576 ], [ 11.124342309589286, 43.876710287327576 ] ] ] } },
{ "type": "Feature", "properties": { "event": "EMSR705", "subevent": "EMSR705_2023-11-06", "date": "2023-11-06", "height": 4485, "width": 7808 }, "geometry": { "type": "Polygon", "coordinates": [ [ [ 11.309681566196227, 43.487713323066544 ], [ 11.309681566196227, 43.988557629736015 ], [ 10.437754621608667, 43.988557629736015 ], [ 10.437754621608667, 43.487713323066544 ], [ 11.309681566196227, 43.487713323066544 ] ] ] } },
{ "type": "Feature", "properties": { "event": "EMSR706", "subevent": "EMSR706_2023-11-09", "date": "2023-11-09", "height": 5046, "width": 8674 }, "geometry": { "type": "Polygon", "coordinates": [ [ [ 2.610311232434524, 50.342004867575724 ], [ 2.610311232434524, 50.954489499933921 ], [ 1.557459131547684, 50.954489499933921 ], [ 1.557459131547684, 50.342004867575724 ], [ 2.610311232434524, 50.342004867575724 ] ] ] } },
{ "type": "Feature", "properties": { "event": "EMSR706", "subevent": "EMSR706_2023-11-10", "date": "2023-11-10", "height": 2246, "width": 5037 }, "geometry": { "type": "Polygon", "coordinates": [ [ [ 2.202849306487182, 50.627949351122986 ], [ 2.202849306487182, 50.915216479036921 ], [ 1.558608646067553, 50.915216479036921 ], [ 1.558608646067553, 50.627949351122986 ], [ 2.202849306487182, 50.627949351122986 ] ] ] } },
{ "type": "Feature", "properties": { "event": "EMSR706", "subevent": "EMSR706_2023-11-11", "date": "2023-11-11", "height": 3286, "width": 5028 }, "geometry": { "type": "Polygon", "coordinates": [ [ [ 2.608483411560119, 50.565373824748988 ], [ 2.608483411560119, 50.954489676449946 ], [ 2.013086423625723, 50.954489676449946 ], [ 2.013086423625723, 50.565373824748988 ], [ 2.608483411560119, 50.565373824748988 ] ] ] } },
{ "type": "Feature", "properties": { "event": "EMSR706", "subevent": "EMSR706_2023-11-17", "date": "2023-11-17", "height": 2045, "width": 3791 }, "geometry": { "type": "Polygon", "coordinates": [ [ [ 2.042339711196603, 50.342001834932674 ], [ 2.042339711196603, 50.593852901363036 ], [ 1.575460790493663, 50.593852901363036 ], [ 1.575460790493663, 50.342001834932674 ], [ 2.042339711196603, 50.342001834932674 ] ] ] } },
{ "type": "Feature", "properties": { "event": "EMSR706", "subevent": "EMSR706_2023-11-19", "date": "2023-11-19", "height": 2045, "width": 3791 }, "geometry": { "type": "Polygon", "coordinates": [ [ [ 2.042339711196603, 50.342001834932674 ], [ 2.042339711196603, 50.593852901363036 ], [ 1.575460790493663, 50.593852901363036 ], [ 1.575460790493663, 50.342001834932674 ], [ 2.042339711196603, 50.342001834932674 ] ] ] } },
{ "type": "Feature", "properties": { "event": "EMSR706", "subevent": "EMSR706_2023-11-20", "date": "2023-11-20", "height": 2045, "width": 3791 }, "geometry": { "type": "Polygon", "coordinates": [ [ [ 2.042339711196603, 50.342001834932674 ], [ 2.042339711196603, 50.593852901363036 ], [ 1.575460790493663, 50.593852901363036 ], [ 1.575460790493663, 50.342001834932674 ], [ 2.042339711196603, 50.342001834932674 ] ] ] } },
{ "type": "Feature", "properties": { "event": "EMSR706", "subevent": "EMSR706_2023-11-22", "date": "2023-11-22", "height": 2045, "width": 3791 }, "geometry": { "type": "Polygon", "coordinates": [ [ [ 2.042339711196603, 50.342001834932674 ], [ 2.042339711196603, 50.593852901363036 ], [ 1.575460790493663, 50.593852901363036 ], [ 1.575460790493663, 50.342001834932674 ], [ 2.042339711196603, 50.342001834932674 ] ] ] } },
{ "type": "Feature", "properties": { "event": "EMSR706", "subevent": "EMSR706_2023-11-24", "date": "2023-11-24", "height": 6884, "width": 13270 }, "geometry": { "type": "Polygon", "coordinates": [ [ [ 3.183742114029477, 50.242019520965606 ], [ 3.183742114029477, 51.095183421258135 ], [ 1.539133607800265, 51.095183421258135 ], [ 1.539133607800265, 50.242019520965606 ], [ 3.183742114029477, 50.242019520965606 ] ] ] } },
{ "type": "Feature", "properties": { "event": "EMSR708", "subevent": "EMSR708_2023-11-07", "date": "2023-11-07", "height": 3188, "width": 5486 }, "geometry": { "type": "Polygon", "coordinates": [ [ [ 3.255906419090726, 50.77978024249515 ], [ 3.255906419090726, 51.166170311191024 ], [ 2.590995529233272, 51.166170311191024 ], [ 2.590995529233272, 50.77978024249515 ], [ 3.255906419090726, 50.77978024249515 ] ] ] } },
{ "type": "Feature", "properties": { "event": "EMSR708", "subevent": "EMSR708_2023-11-10", "date": "2023-11-10", "height": 3188, "width": 5486 }, "geometry": { "type": "Polygon", "coordinates": [ [ [ 3.255906419081993, 50.779780242495136 ], [ 3.255906419081993, 51.166170311191024 ], [ 2.590995529224509, 51.166170311191024 ], [ 2.590995529224509, 50.779780242495136 ], [ 3.255906419081993, 50.779780242495136 ] ] ] } },
{ "type": "Feature", "properties": { "event": "EMSR708", "subevent": "EMSR708_2023-11-12", "date": "2023-11-12", "height": 3188, "width": 5486 }, "geometry": { "type": "Polygon", "coordinates": [ [ [ 3.255906419090726, 50.77978024249515 ], [ 3.255906419090726, 51.166170311191024 ], [ 2.590995529233272, 51.166170311191024 ], [ 2.590995529233272, 50.77978024249515 ], [ 3.255906419090726, 50.77978024249515 ] ] ] } },
{ "type": "Feature", "properties": { "event": "EMSR708", "subevent": "EMSR708_2023-11-15", "date": "2023-11-15", "height": 3289, "width": 4492 }, "geometry": { "type": "Polygon", "coordinates": [ [ [ 3.073148284253377, 50.819114470229245 ], [ 3.073148284253377, 51.198657386861385 ], [ 2.554781977925746, 51.198657386861385 ], [ 2.554781977925746, 50.819114470229245 ], [ 3.073148284253377, 50.819114470229245 ] ] ] } },
{ "type": "Feature", "properties": { "event": "EMSR711", "subevent": "EMSR711_2023-12-15", "date": "2023-12-15", "height": 3444, "width": 10984 }, "geometry": { "type": "Polygon", "coordinates": [ [ [ 0.225425710992992, 45.568510339872553 ], [ 0.225425710992992, 45.991095502420343 ], [ -1.122331381174529, 45.991095502420343 ], [ -1.122331381174529, 45.568510339872553 ], [ 0.225425710992992, 45.568510339872553 ] ] ] } },
{ "type": "Feature", "properties": { "event": "EMSR711", "subevent": "EMSR711_2023-12-16", "date": "2023-12-16", "height": 1599, "width": 6806 }, "geometry": { "type": "Polygon", "coordinates": [ [ [ 0.181647886229286, 45.594019103146351 ], [ 0.181647886229286, 45.793724341011341 ], [ -0.668379536478091, 45.793724341011341 ], [ -0.668379536478091, 45.594019103146351 ], [ 0.181647886229286, 45.594019103146351 ] ] ] } },
{ "type": "Feature", "properties": { "event": "EMSR711", "subevent": "EMSR711_2023-12-18", "date": "2023-12-18", "height": 3444, "width": 10984 }, "geometry": { "type": "Polygon", "coordinates": [ [ [ 0.225425710992992, 45.568510339872553 ], [ 0.225425710992992, 45.991095502420343 ], [ -1.122331381174529, 45.991095502420343 ], [ -1.122331381174529, 45.568510339872553 ], [ 0.225425710992992, 45.568510339872553 ] ] ] } },
{ "type": "Feature", "properties": { "event": "EMSR712", "subevent": "EMSR712_2023-12-24", "date": "2023-12-24", "height": 13704, "width": 20612 }, "geometry": { "type": "Polygon", "coordinates": [ [ [ 11.206588571018976, 51.335209110833098 ], [ 11.206588571018976, 52.956400036790825 ], [ 8.768177350511042, 52.956400036790825 ], [ 8.768177350511042, 51.335209110833098 ], [ 11.206588571018976, 51.335209110833098 ] ] ] } },
{ "type": "Feature", "properties": { "event": "EMSR712", "subevent": "EMSR712_2023-12-25", "date": "2023-12-25", "height": 15139, "width": 31490 }, "geometry": { "type": "Polygon", "coordinates": [ [ [ 11.222611959873131, 51.33522850745527 ], [ 11.222611959873131, 53.267604004625184 ], [ 7.203158600610263, 53.267604004625184 ], [ 7.203158600610263, 51.33522850745527 ], [ 11.222611959873131, 51.33522850745527 ] ] ] } },
{ "type": "Feature", "properties": { "event": "EMSR712", "subevent": "EMSR712_2023-12-26", "date": "2023-12-26", "height": 6453, "width": 6490 }, "geometry": { "type": "Polygon", "coordinates": [ [ [ 10.987076808981747, 51.786348688130431 ], [ 10.987076808981747, 52.47441989740399 ], [ 10.295060359549643, 52.47441989740399 ], [ 10.295060359549643, 51.786348688130431 ], [ 10.987076808981747, 51.786348688130431 ] ] ] } },
{ "type": "Feature", "properties": { "event": "EMSR712", "subevent": "EMSR712_2023-12-27", "date": "2023-12-27", "height": 15679, "width": 26967 }, "geometry": { "type": "Polygon", "coordinates": [ [ [ 10.51507968445487, 51.342005965402286 ], [ 10.51507968445487, 53.267604314258278 ], [ 7.203158600610263, 53.267604314258278 ], [ 7.203158600610263, 51.342005965402286 ], [ 10.51507968445487, 51.342005965402286 ] ] ] } },
{ "type": "Feature", "properties": { "event": "EMSR712", "subevent": "EMSR712_2023-12-28", "date": "2023-12-28", "height": 6026, "width": 28054 }, "geometry": { "type": "Polygon", "coordinates": [ [ [ 11.206679547627942, 52.099218366390033 ], [ 11.206679547627942, 52.956400050558344 ], [ 7.216076333612381, 52.956400050558344 ], [ 7.216076333612381, 52.099218366390033 ], [ 11.206679547627942, 52.099218366390033 ] ] ] } },
{ "type": "Feature", "properties": { "event": "EMSR712", "subevent": "EMSR712_2023-12-29", "date": "2023-12-29", "height": 11605, "width": 24171 }, "geometry": { "type": "Polygon", "coordinates": [ [ [ 11.222607852409435, 51.782900090423055 ], [ 11.222607852409435, 53.267604558277625 ], [ 8.130251825480279, 53.267604558277625 ], [ 8.130251825480279, 51.782900090423055 ], [ 11.222607852409435, 51.782900090423055 ] ] ] } },
{ "type": "Feature", "properties": { "event": "EMSR712", "subevent": "EMSR712_2023-12-30", "date": "2023-12-30", "height": 15032, "width": 26041 }, "geometry": { "type": "Polygon", "coordinates": [ [ [ 10.409921959030072, 51.357977039071372 ], [ 10.409921959030072, 53.207612340288961 ], [ 7.205667509921017, 53.207612340288961 ], [ 7.205667509921017, 51.357977039071372 ], [ 10.409921959030072, 51.357977039071372 ] ] ] } },
{ "type": "Feature", "properties": { "event": "EMSR712", "subevent": "EMSR712_2023-12-31", "date": "2023-12-31", "height": 14284, "width": 17502 }, "geometry": { "type": "Polygon", "coordinates": [ [ [ 11.206692651019431, 51.351231185594294 ], [ 11.206692651019431, 52.956140036940212 ], [ 9.240218644000649, 52.956140036940212 ], [ 9.240218644000649, 51.351231185594294 ], [ 11.206692651019431, 51.351231185594294 ] ] ] } },
{ "type": "Feature", "properties": { "event": "EMSR712", "subevent": "EMSR712_2024-01-01", "date": "2024-01-01", "height": 14698, "width": 30000 }, "geometry": { "type": "Polygon", "coordinates": [ [ [ 11.020626908933989, 51.338536558908494 ], [ 11.020626908933989, 53.207612333798252 ], [ 7.205667509921017, 53.207612333798252 ], [ 7.205667509921017, 51.338536558908494 ], [ 11.020626908933989, 51.338536558908494 ] ] ] } },
{ "type": "Feature", "properties": { "event": "EMSR712", "subevent": "EMSR712_2024-01-02", "date": "2024-01-02", "height": 12463, "width": 19773 }, "geometry": { "type": "Polygon", "coordinates": [ [ [ 10.515107077362208, 51.764420409967848 ], [ 10.515107077362208, 53.267604095003222 ], [ 8.130251825480279, 53.267604095003222 ], [ 8.130251825480279, 51.764420409967848 ], [ 10.515107077362208, 51.764420409967848 ] ] ] } },
{ "type": "Feature", "properties": { "event": "EMSR712", "subevent": "EMSR712_2024-01-03", "date": "2024-01-03", "height": 14825, "width": 33510 }, "geometry": { "type": "Polygon", "coordinates": [ [ [ 11.546334657632823, 51.28727752983901 ], [ 11.546334657632823, 53.207611473880419 ], [ 7.205667509921017, 53.207611473880419 ], [ 7.205667509921017, 51.28727752983901 ], [ 11.546334657632823, 51.28727752983901 ] ] ] } },
{ "type": "Feature", "properties": { "event": "EMSR712", "subevent": "EMSR712_2024-01-04", "date": "2024-01-04", "height": 9706, "width": 7400 }, "geometry": { "type": "Polygon", "coordinates": [ [ [ 9.30220678491048, 52.213368418646539 ], [ 9.30220678491048, 53.20761233623012 ], [ 8.544180307461632, 53.20761233623012 ], [ 8.544180307461632, 52.213368418646539 ], [ 9.30220678491048, 52.213368418646539 ] ] ] } },
{ "type": "Feature", "properties": { "event": "EMSR712", "subevent": "EMSR712_2024-01-05", "date": "2024-01-05", "height": 16082, "width": 25142 }, "geometry": { "type": "Polygon", "coordinates": [ [ [ 11.546327103032159, 51.287298613203426 ], [ 11.546327103032159, 53.207612222556904 ], [ 8.544180307461632, 53.207612222556904 ], [ 8.544180307461632, 51.287298613203426 ], [ 11.546327103032159, 51.287298613203426 ] ] ] } },
{ "type": "Feature", "properties": { "event": "EMSR712", "subevent": "EMSR712_2024-01-06", "date": "2024-01-06", "height": 15139, "width": 31490 }, "geometry": { "type": "Polygon", "coordinates": [ [ [ 11.222611959873131, 51.33522850745527 ], [ 11.222611959873131, 53.267604004625184 ], [ 7.203158600610263, 53.267604004625184 ], [ 7.203158600610263, 51.33522850745527 ], [ 11.222611959873131, 51.33522850745527 ] ] ] } },
{ "type": "Feature", "properties": { "event": "EMSR712", "subevent": "EMSR712_2024-01-07", "date": "2024-01-07", "height": 15366, "width": 33730 }, "geometry": { "type": "Polygon", "coordinates": [ [ [ 11.549889724117808, 51.287411915765773 ], [ 11.549889724117808, 53.267603746296963 ], [ 7.203158600610263, 53.267603746296963 ], [ 7.203158600610263, 51.287411915765773 ], [ 11.549889724117808, 51.287411915765773 ] ] ] } },
{ "type": "Feature", "properties": { "event": "EMSR720", "subevent": "EMSR720_2024-05-04", "date": "2024-05-04", "height": 1408, "width": 1978 }, "geometry": { "type": "Polygon", "coordinates": [ [ [ -51.720085152338036, -29.264094168422492 ], [ -51.720085152338036, -29.126140489878864 ], [ -51.913886555860266, -29.126140489878864 ], [ -51.913886555860266, -29.264094168422492 ], [ -51.720085152338036, -29.264094168422492 ] ] ] } },
{ "type": "Feature", "properties": { "event": "EMSR720", "subevent": "EMSR720_2024-05-05", "date": "2024-05-05", "height": 1470, "width": 1891 }, "geometry": { "type": "Polygon", "coordinates": [ [ [ -51.720295880725821, -29.303948475783979 ], [ -51.720295880725821, -29.160687305248857 ], [ -51.904586270849578, -29.160687305248857 ], [ -51.904586270849578, -29.303948475783979 ], [ -51.720295880725821, -29.303948475783979 ] ] ] } },
{ "type": "Feature", "properties": { "event": "EMSR720", "subevent": "EMSR720_2024-05-06", "date": "2024-05-06", "height": 2870, "width": 3204 }, "geometry": { "type": "Polygon", "coordinates": [ [ [ -51.614033604309391, -29.326989125158523 ], [ -51.614033604309391, -29.04991361974632 ], [ -51.923354133696392, -29.04991361974632 ], [ -51.923354133696392, -29.326989125158523 ], [ -51.614033604309391, -29.326989125158523 ] ] ] } },
{ "type": "Feature", "properties": { "event": "EMSR720", "subevent": "EMSR720_2024-05-07", "date": "2024-05-07", "height": 982, "width": 1054 }, "geometry": { "type": "Polygon", "coordinates": [ [ [ -51.81762408849162, -29.199887449348914 ], [ -51.81762408849162, -29.105357174397366 ], [ -51.919085300099496, -29.105357174397366 ], [ -51.919085300099496, -29.199887449348914 ], [ -51.81762408849162, -29.199887449348914 ] ] ] } },
{ "type": "Feature", "properties": { "event": "EMSR720", "subevent": "EMSR720_2024-05-08", "date": "2024-05-08", "height": 960, "width": 1099 }, "geometry": { "type": "Polygon", "coordinates": [ [ [ -51.597411632731827, -29.121310743236457 ], [ -51.597411632731827, -29.028517414156077 ], [ -51.7036406625853, -29.028517414156077 ], [ -51.7036406625853, -29.121310743236457 ], [ -51.597411632731827, -29.121310743236457 ] ] ] } },
{ "type": "Feature", "properties": { "event": "EMSR720", "subevent": "EMSR720_2024-05-15", "date": "2024-05-15", "height": 735, "width": 989 }, "geometry": { "type": "Polygon", "coordinates": [ [ [ -51.704533292162154, -29.201467389292695 ], [ -51.704533292162154, -29.129652662623041 ], [ -51.801165625055063, -29.129652662623041 ], [ -51.801165625055063, -29.201467389292695 ], [ -51.704533292162154, -29.201467389292695 ] ] ] } },
{ "type": "Feature", "properties": { "event": "EMSR722", "subevent": "EMSR722_2024-05-18", "date": "2024-05-18", "height": 3961, "width": 6667 }, "geometry": { "type": "Polygon", "coordinates": [ [ [ 7.334279910259372, 49.102802835351362 ], [ 7.334279910259372, 49.577304494785302 ], [ 6.535617309035923, 49.577304494785302 ], [ 6.535617309035923, 49.102802835351362 ], [ 7.334279910259372, 49.102802835351362 ] ] ] } },
{ "type": "Feature", "properties": { "event": "EMSR722", "subevent": "EMSR722_2024-05-19", "date": "2024-05-19", "height": 3961, "width": 6667 }, "geometry": { "type": "Polygon", "coordinates": [ [ [ 7.334279910259372, 49.102802835351362 ], [ 7.334279910259372, 49.577304494785302 ], [ 6.535617309035923, 49.577304494785302 ], [ 6.535617309035923, 49.102802835351362 ], [ 7.334279910259372, 49.102802835351362 ] ] ] } },
{ "type": "Feature", "properties": { "event": "EMSR722", "subevent": "EMSR722_2024-05-20", "date": "2024-05-20", "height": 3978, "width": 2877 }, "geometry": { "type": "Polygon", "coordinates": [ [ [ 7.334123277544022, 49.115554878994921 ], [ 7.334123277544022, 49.516118792062755 ], [ 7.04442433890748, 49.516118792062755 ], [ 7.04442433890748, 49.115554878994921 ], [ 7.334123277544022, 49.115554878994921 ] ] ] } },
{ "type": "Feature", "properties": { "event": "EMSR722", "subevent": "EMSR722_2024-05-21", "date": "2024-05-21", "height": 3978, "width": 2877 }, "geometry": { "type": "Polygon", "coordinates": [ [ [ 7.334123277544022, 49.115554878994921 ], [ 7.334123277544022, 49.516118792062755 ], [ 7.04442433890748, 49.516118792062755 ], [ 7.04442433890748, 49.115554878994921 ], [ 7.334123277544022, 49.115554878994921 ] ] ] } },
{ "type": "Feature", "properties": { "event": "EMSR722", "subevent": "EMSR722_2024-05-22", "date": "2024-05-22", "height": 3978, "width": 2877 }, "geometry": { "type": "Polygon", "coordinates": [ [ [ 7.334123277544022, 49.115554878994921 ], [ 7.334123277544022, 49.516118792062755 ], [ 7.04442433890748, 49.516118792062755 ], [ 7.04442433890748, 49.115554878994921 ], [ 7.334123277544022, 49.115554878994921 ] ] ] } },
{ "type": "Feature", "properties": { "event": "EMSR725", "subevent": "EMSR725_2024-05-22", "date": "2024-05-22", "height": 575, "width": 4196 }, "geometry": { "type": "Polygon", "coordinates": [ [ [ 23.688620863025651, 66.290933229557567 ], [ 23.688620863025651, 66.413397695228042 ], [ 22.794949736150357, 66.413397695228042 ], [ 22.794949736150357, 66.290933229557567 ], [ 23.688620863025651, 66.290933229557567 ] ] ] } },
{ "type": "Feature", "properties": { "event": "EMSR725", "subevent": "EMSR725_2024-05-23", "date": "2024-05-23", "height": 253, "width": 568 }, "geometry": { "type": "Polygon", "coordinates": [ [ [ 22.88547607697415, 66.302674332974959 ], [ 22.88547607697415, 66.342997176677969 ], [ 22.794948902178451, 66.342997176677969 ], [ 22.794948902178451, 66.302674332974959 ], [ 22.88547607697415, 66.302674332974959 ] ] ] } },
{ "type": "Feature", "properties": { "event": "EMSR728", "subevent": "EMSR728_2024-06-01", "date": "2024-06-01", "height": 3474, "width": 5454 }, "geometry": { "type": "Polygon", "coordinates": [ [ [ 9.574345283116756, 48.576480612334834 ], [ 9.574345283116756, 48.979606848141813 ], [ 8.941457980269528, 48.979606848141813 ], [ 8.941457980269528, 48.576480612334834 ], [ 9.574345283116756, 48.576480612334834 ] ] ] } },
{ "type": "Feature", "properties": { "event": "EMSR728", "subevent": "EMSR728_2024-06-02", "date": "2024-06-02", "height": 13107, "width": 38174 }, "geometry": { "type": "Polygon", "coordinates": [ [ [ 13.808447817973235, 47.605070025031047 ], [ 13.808447817973235, 49.299483589839923 ], [ 8.873486085844284, 49.299483589839923 ], [ 8.873486085844284, 47.605070025031047 ], [ 13.808447817973235, 47.605070025031047 ] ] ] } },
{ "type": "Feature", "properties": { "event": "EMSR728", "subevent": "EMSR728_2024-06-03", "date": "2024-06-03", "height": 18152, "width": 39898 }, "geometry": { "type": "Polygon", "coordinates": [ [ [ 13.808456727203881, 47.605126581520111 ], [ 13.808456727203881, 49.883581558982904 ], [ 8.800424736744942, 49.883581558982904 ], [ 8.800424736744942, 47.605126581520111 ], [ 13.808456727203881, 47.605126581520111 ] ] ] } },
{ "type": "Feature", "properties": { "event": "EMSR728", "subevent": "EMSR728_2024-06-04", "date": "2024-06-04", "height": 7290, "width": 24814 }, "geometry": { "type": "Polygon", "coordinates": [ [ [ 13.107673630119391, 48.242534461547457 ], [ 13.107673630119391, 49.184002596410522 ], [ 9.903065907418146, 49.184002596410522 ], [ 9.903065907418146, 48.242534461547457 ], [ 13.107673630119391, 48.242534461547457 ] ] ] } },
{ "type": "Feature", "properties": { "event": "EMSR728", "subevent": "EMSR728_2024-06-05", "date": "2024-06-05", "height": 10738, "width": 11266 }, "geometry": { "type": "Polygon", "coordinates": [ [ [ 13.091043521944105, 48.709354034944354 ], [ 13.091043521944105, 49.873787485240676 ], [ 11.869353519053588, 49.873787485240676 ], [ 11.869353519053588, 48.709354034944354 ], [ 13.091043521944105, 48.709354034944354 ] ] ] } },
{ "type": "Feature", "properties": { "event": "EMSR728", "subevent": "EMSR728_2024-06-06", "date": "2024-06-06", "height": 8959, "width": 25407 }, "geometry": { "type": "Polygon", "coordinates": [ [ [ 13.103580878993871, 48.304775459237369 ], [ 13.103580878993871, 49.467711513495701 ], [ 9.805588208992601, 49.467711513495701 ], [ 9.805588208992601, 48.304775459237369 ], [ 13.103580878993871, 48.304775459237369 ] ] ] } },
{ "type": "Feature", "properties": { "event": "EMSR728", "subevent": "EMSR728_2024-06-07", "date": "2024-06-07", "height": 7290, "width": 24814 }, "geometry": { "type": "Polygon", "coordinates": [ [ [ 13.107673630119391, 48.242534461547457 ], [ 13.107673630119391, 49.184002596410522 ], [ 9.903065907418146, 49.184002596410522 ], [ 9.903065907418146, 48.242534461547457 ], [ 13.107673630119391, 48.242534461547457 ] ] ] } },
{ "type": "Feature", "properties": { "event": "EMSR728", "subevent": "EMSR728_2024-06-08", "date": "2024-06-08", "height": 3553, "width": 9197 }, "geometry": { "type": "Polygon", "coordinates": [ [ [ 13.091100053405151, 48.709304314053469 ], [ 13.091100053405151, 49.163924783383614 ], [ 11.91430735528262, 49.163924783383614 ], [ 11.91430735528262, 48.709304314053469 ], [ 13.091100053405151, 48.709304314053469 ] ] ] } },
{ "type": "Feature", "properties": { "event": "EMSR728", "subevent": "EMSR728_2024-06-10", "date": "2024-06-10", "height": 845, "width": 1482 }, "geometry": { "type": "Polygon", "coordinates": [ [ [ 12.743981512763192, 48.850921955243848 ], [ 12.743981512763192, 48.952565746616301 ], [ 12.565713940202276, 48.952565746616301 ], [ 12.565713940202276, 48.850921955243848 ], [ 12.743981512763192, 48.850921955243848 ] ] ] } },
{ "type": "Feature", "properties": { "event": "EMSR750", "subevent": "EMSR750_2024-08-28", "date": "2024-08-28", "height": 1828, "width": 1310 }, "geometry": { "type": "Polygon", "coordinates": [ [ [ 37.217567361985552, 19.636491088170708 ], [ 37.217567361985552, 19.804639811735868 ], [ 37.097066909102423, 19.804639811735868 ], [ 37.097066909102423, 19.636491088170708 ], [ 37.217567361985552, 19.636491088170708 ] ] ] } },
{ "type": "Feature", "properties": { "event": "EMSR750", "subevent": "EMSR750_2024-08-29", "date": "2024-08-29", "height": 641, "width": 1661 }, "geometry": { "type": "Polygon", "coordinates": [ [ [ 37.090454478614831, 19.792012910071048 ], [ 37.090454478614831, 19.8527777548383 ], [ 36.932996745138375, 19.8527777548383 ], [ 36.932996745138375, 19.792012910071048 ], [ 37.090454478614831, 19.792012910071048 ] ] ] } },
{ "type": "Feature", "properties": { "event": "EMSR750", "subevent": "EMSR750_2024-09-01", "date": "2024-09-01", "height": 406, "width": 826 }, "geometry": { "type": "Polygon", "coordinates": [ [ [ 37.090434564075601, 19.792880624501453 ], [ 37.090434564075601, 19.831226466854648 ], [ 37.012420608943245, 19.831226466854648 ], [ 37.012420608943245, 19.792880624501453 ], [ 37.090434564075601, 19.792880624501453 ] ] ] } },
{ "type": "Feature", "properties": { "event": "EMSR753", "subevent": "EMSR753_2024-09-11", "date": "2024-09-11", "height": 1596, "width": 1723 }, "geometry": { "type": "Polygon", "coordinates": [ [ [ 13.288416174253399, 11.716410641456962 ], [ 13.288416174253399, 11.861844062806114 ], [ 13.131410043310675, 11.861844062806114 ], [ 13.131410043310675, 11.716410641456962 ], [ 13.288416174253399, 11.716410641456962 ] ] ] } },
{ "type": "Feature", "properties": { "event": "EMSR753", "subevent": "EMSR753_2024-09-12", "date": "2024-09-12", "height": 1797, "width": 1948 }, "geometry": { "type": "Polygon", "coordinates": [ [ [ 13.292488179707339, 11.715894429382478 ], [ 13.292488179707339, 11.879651082319333 ], [ 13.114971229278295, 11.879651082319333 ], [ 13.114971229278295, 11.715894429382478 ], [ 13.292488179707339, 11.715894429382478 ] ] ] } },
{ "type": "Feature", "properties": { "event": "EMSR754", "subevent": "EMSR754_2024-09-13", "date": "2024-09-13", "height": 5036, "width": 19607 }, "geometry": { "type": "Polygon", "coordinates": [ [ [ 107.192709692778948, 20.928871524569267 ], [ 107.192709692778948, 21.411817757056923 ], [ 105.312422405172612, 21.411817757056923 ], [ 105.312422405172612, 20.928871524569267 ], [ 107.192709692778948, 20.928871524569267 ] ] ] } },
{ "type": "Feature", "properties": { "event": "EMSR754", "subevent": "EMSR754_2024-09-14", "date": "2024-09-14", "height": 17227, "width": 18280 }, "geometry": { "type": "Polygon", "coordinates": [ [ [ 106.927943537262621, 19.748872889081465 ], [ 106.927943537262621, 21.35334477444119 ], [ 105.225398342836669, 21.35334477444119 ], [ 105.225398342836669, 19.748872889081465 ], [ 106.927943537262621, 19.748872889081465 ] ] ] } },
{ "type": "Feature", "properties": { "event": "EMSR754", "subevent": "EMSR754_2024-09-20", "date": "2024-09-20", "height": 1396, "width": 1876 }, "geometry": { "type": "Polygon", "coordinates": [ [ [ 106.422791867821914, 20.391415044450454 ], [ 106.422791867821914, 20.522278137596654 ], [ 106.246932868722865, 20.522278137596654 ], [ 106.246932868722865, 20.391415044450454 ], [ 106.422791867821914, 20.391415044450454 ] ] ] } },
{ "type": "Feature", "properties": { "event": "EMSR755", "subevent": "EMSR755_2024-09-17", "date": "2024-09-17", "height": 6232, "width": 2213 }, "geometry": { "type": "Polygon", "coordinates": [ [ [ 14.77315951832662, 51.576811445988739 ], [ 14.77315951832662, 52.157626317343379 ], [ 14.566910591768883, 52.157626317343379 ], [ 14.566910591768883, 51.576811445988739 ], [ 14.77315951832662, 51.576811445988739 ] ] ] } },
{ "type": "Feature", "properties": { "event": "EMSR756", "subevent": "EMSR756_2024-09-14", "date": "2024-09-14", "height": 5788, "width": 13636 }, "geometry": { "type": "Polygon", "coordinates": [ [ [ 17.355239441006383, 50.565235506250268 ], [ 17.355239441006383, 51.304812144428716 ], [ 15.61286434802067, 51.304812144428716 ], [ 15.61286434802067, 50.565235506250268 ], [ 17.355239441006383, 50.565235506250268 ] ] ] } },
{ "type": "Feature", "properties": { "event": "EMSR756", "subevent": "EMSR756_2024-09-15", "date": "2024-09-15", "height": 4638, "width": 14238 }, "geometry": { "type": "Polygon", "coordinates": [ [ [ 18.004421776221665, 50.096735959393143 ], [ 18.004421776221665, 50.706250046253068 ], [ 16.133300265072116, 50.706250046253068 ], [ 16.133300265072116, 50.096735959393143 ], [ 18.004421776221665, 50.096735959393143 ] ] ] } },
{ "type": "Feature", "properties": { "event": "EMSR756", "subevent": "EMSR756_2024-09-16", "date": "2024-09-16", "height": 10380, "width": 22571 }, "geometry": { "type": "Polygon", "coordinates": [ [ [ 18.517111698827531, 49.724521576258944 ], [ 18.517111698827531, 51.05904276228113 ], [ 15.61523523546464, 51.05904276228113 ], [ 15.61523523546464, 49.724521576258944 ], [ 18.517111698827531, 49.724521576258944 ] ] ] } },
{ "type": "Feature", "properties": { "event": "EMSR756", "subevent": "EMSR756_2024-09-17", "date": "2024-09-17", "height": 11616, "width": 15578 }, "geometry": { "type": "Polygon", "coordinates": [ [ [ 17.385495021877329, 50.565136100183885 ], [ 17.385495021877329, 51.886928753873583 ], [ 15.6128636548682, 51.886928753873583 ], [ 15.6128636548682, 50.565136100183885 ], [ 17.385495021877329, 50.565136100183885 ] ] ] } },
{ "type": "Feature", "properties": { "event": "EMSR756", "subevent": "EMSR756_2024-09-18", "date": "2024-09-18", "height": 21165, "width": 29811 }, "geometry": { "type": "Polygon", "coordinates": [ [ [ 18.517164961450135, 49.702276670899053 ], [ 18.517164961450135, 52.211066410040331 ], [ 14.983523056723429, 52.211066410040331 ], [ 14.983523056723429, 49.702276670899053 ], [ 18.517164961450135, 49.702276670899053 ] ] ] } },
{ "type": "Feature", "properties": { "event": "EMSR756", "subevent": "EMSR756_2024-09-20", "date": "2024-09-20", "height": 14923, "width": 20193 }, "geometry": { "type": "Polygon", "coordinates": [ [ [ 18.624326849205861, 49.807048620182762 ], [ 18.624326849205861, 51.488755755762682 ], [ 16.34873131286831, 51.488755755762682 ], [ 16.34873131286831, 49.807048620182762 ], [ 18.624326849205861, 49.807048620182762 ] ] ] } },
{ "type": "Feature", "properties": { "event": "EMSR756", "subevent": "EMSR756_2024-09-21", "date": "2024-09-21", "height": 15092, "width": 25261 }, "geometry": { "type": "Polygon", "coordinates": [ [ [ 18.431970601360096, 50.087600544872274 ], [ 18.431970601360096, 51.887813682166716 ], [ 15.418772611617522, 51.887813682166716 ], [ 15.418772611617522, 50.087600544872274 ], [ 18.431970601360096, 50.087600544872274 ] ] ] } },
{ "type": "Feature", "properties": { "event": "EMSR756", "subevent": "EMSR756_2024-09-23", "date": "2024-09-23", "height": 2668, "width": 4060 }, "geometry": { "type": "Polygon", "coordinates": [ [ [ 17.073295831882547, 50.242060077309418 ], [ 17.073295831882547, 50.551802770410404 ], [ 16.601948255424521, 50.551802770410404 ], [ 16.601948255424521, 50.242060077309418 ], [ 17.073295831882547, 50.242060077309418 ] ] ] } },
{ "type": "Feature", "properties": { "event": "EMSR756", "subevent": "EMSR756_2024-09-24", "date": "2024-09-24", "height": 1789, "width": 3814 }, "geometry": { "type": "Polygon", "coordinates": [ [ [ 17.429494723078705, 50.290135329776916 ], [ 17.429494723078705, 50.512587990607024 ], [ 16.955244053203895, 50.512587990607024 ], [ 16.955244053203895, 50.290135329776916 ], [ 17.429494723078705, 50.290135329776916 ] ] ] } },
{ "type": "Feature", "properties": { "event": "EMSR756", "subevent": "EMSR756_2024-09-25", "date": "2024-09-25", "height": 1034, "width": 2183 }, "geometry": { "type": "Polygon", "coordinates": [ [ [ 16.982645084107435, 50.243484874938808 ], [ 16.982645084107435, 50.371824476348174 ], [ 16.711692134516873, 50.371824476348174 ], [ 16.711692134516873, 50.243484874938808 ], [ 16.982645084107435, 50.243484874938808 ] ] ] } },
{ "type": "Feature", "properties": { "event": "EMSR757", "subevent": "EMSR757_2024-09-15", "date": "2024-09-15", "height": 9085, "width": 5596 }, "geometry": { "type": "Polygon", "coordinates": [ [ [ 17.344262274859144, 48.034709618577807 ], [ 17.344262274859144, 48.907843315624675 ], [ 16.806446516061758, 48.907843315624675 ], [ 16.806446516061758, 48.034709618577807 ], [ 17.344262274859144, 48.034709618577807 ] ] ] } },
{ "type": "Feature", "properties": { "event": "EMSR757", "subevent": "EMSR757_2024-09-16", "date": "2024-09-16", "height": 9085, "width": 5596 }, "geometry": { "type": "Polygon", "coordinates": [ [ [ 17.344262274859144, 48.034709618577807 ], [ 17.344262274859144, 48.907843315624675 ], [ 16.806446516061758, 48.907843315624675 ], [ 16.806446516061758, 48.034709618577807 ], [ 17.344262274859144, 48.034709618577807 ] ] ] } },
{ "type": "Feature", "properties": { "event": "EMSR757", "subevent": "EMSR757_2024-09-18", "date": "2024-09-18", "height": 8511, "width": 8203 }, "geometry": { "type": "Polygon", "coordinates": [ [ [ 17.654218962685672, 48.028239354486537 ], [ 17.654218962685672, 48.907843315624675 ], [ 16.806446516061758, 48.907843315624675 ], [ 16.806446516061758, 48.028239354486537 ], [ 17.654218962685672, 48.028239354486537 ] ] ] } },
{ "type": "Feature", "properties": { "event": "EMSR757", "subevent": "EMSR757_2024-09-19", "date": "2024-09-19", "height": 9085, "width": 5596 }, "geometry": { "type": "Polygon", "coordinates": [ [ [ 17.344262274859144, 48.034709618577807 ], [ 17.344262274859144, 48.907843315624675 ], [ 16.806446516061758, 48.907843315624675 ], [ 16.806446516061758, 48.034709618577807 ], [ 17.344262274859144, 48.034709618577807 ] ] ] } },
{ "type": "Feature", "properties": { "event": "EMSR758", "subevent": "EMSR758_2024-09-15", "date": "2024-09-15", "height": 2729, "width": 2526 }, "geometry": { "type": "Polygon", "coordinates": [ [ [ 27.871421970226223, 45.460602888172623 ], [ 27.871421970226223, 45.739949813011272 ], [ 27.61285460777022, 45.739949813011272 ], [ 27.61285460777022, 45.460602888172623 ], [ 27.871421970226223, 45.460602888172623 ] ] ] } },
{ "type": "Feature", "properties": { "event": "EMSR758", "subevent": "EMSR758_2024-09-17", "date": "2024-09-17", "height": 2729, "width": 2526 }, "geometry": { "type": "Polygon", "coordinates": [ [ [ 27.871421970226223, 45.460602888172623 ], [ 27.871421970226223, 45.739949813011272 ], [ 27.61285460777022, 45.739949813011272 ], [ 27.61285460777022, 45.460602888172623 ], [ 27.871421970226223, 45.460602888172623 ] ] ] } },
{ "type": "Feature", "properties": { "event": "EMSR759", "subevent": "EMSR759_2024-09-18", "date": "2024-09-18", "height": 2283, "width": 11242 }, "geometry": { "type": "Polygon", "coordinates": [ [ [ 19.216554144612445, 47.571611576163619 ], [ 19.216554144612445, 47.871478741437954 ], [ 17.739941498088548, 47.871478741437954 ], [ 17.739941498088548, 47.571611576163619 ], [ 19.216554144612445, 47.571611576163619 ] ] ] } },
{ "type": "Feature", "properties": { "event": "EMSR759", "subevent": "EMSR759_2024-09-21", "date": "2024-09-21", "height": 2283, "width": 11242 }, "geometry": { "type": "Polygon", "coordinates": [ [ [ 19.216554144612445, 47.571611576163619 ], [ 19.216554144612445, 47.871478741437954 ], [ 17.739941498088548, 47.871478741437954 ], [ 17.739941498088548, 47.571611576163619 ], [ 19.216554144612445, 47.571611576163619 ] ] ] } },
{ "type": "Feature", "properties": { "event": "EMSR761", "subevent": "EMSR761_2024-09-19", "date": "2024-09-19", "height": 2016, "width": 3635 }, "geometry": { "type": "Polygon", "coordinates": [ [ [ 13.992014341236292, 50.934770905730261 ], [ 13.992014341236292, 51.183558932789126 ], [ 13.543430770621727, 51.183558932789126 ], [ 13.543430770621727, 50.934770905730261 ], [ 13.992014341236292, 50.934770905730261 ] ] ] } },
{ "type": "Feature", "properties": { "event": "EMSR761", "subevent": "EMSR761_2024-09-20", "date": "2024-09-20", "height": 2016, "width": 3635 }, "geometry": { "type": "Polygon", "coordinates": [ [ [ 13.992014341236292, 50.934770905730261 ], [ 13.992014341236292, 51.183558932789126 ], [ 13.543430770621727, 51.183558932789126 ], [ 13.543430770621727, 50.934770905730261 ], [ 13.992014341236292, 50.934770905730261 ] ] ] } },
{ "type": "Feature", "properties": { "event": "EMSR761", "subevent": "EMSR761_2024-09-22", "date": "2024-09-22", "height": 2016, "width": 3635 }, "geometry": { "type": "Polygon", "coordinates": [ [ [ 13.992014341236292, 50.934770905730261 ], [ 13.992014341236292, 51.183558932789126 ], [ 13.543430770621727, 51.183558932789126 ], [ 13.543430770621727, 50.934770905730261 ], [ 13.992014341236292, 50.934770905730261 ] ] ] } },
{ "type": "Feature", "properties": { "event": "EMSR762", "subevent": "EMSR762_2024-09-19", "date": "2024-09-19", "height": 3857, "width": 7700 }, "geometry": { "type": "Polygon", "coordinates": [ [ [ 12.199808931945796, 44.204580371298086 ], [ 12.199808931945796, 44.645857280484584 ], [ 11.318856844640619, 44.645857280484584 ], [ 11.318856844640619, 44.204580371298086 ], [ 12.199808931945796, 44.204580371298086 ] ] ] } },
{ "type": "Feature", "properties": { "event": "EMSR762", "subevent": "EMSR762_2024-09-20", "date": "2024-09-20", "height": 5270, "width": 9709 }, "geometry": { "type": "Polygon", "coordinates": [ [ [ 12.40983445210475, 44.050533079473226 ], [ 12.40983445210475, 44.645857280484584 ], [ 11.313059752366742, 44.645857280484584 ], [ 11.313059752366742, 44.050533079473226 ], [ 12.40983445210475, 44.050533079473226 ] ] ] } },
{ "type": "Feature", "properties": { "event": "EMSR762", "subevent": "EMSR762_2024-09-22", "date": "2024-09-22", "height": 2158, "width": 4774 }, "geometry": { "type": "Polygon", "coordinates": [ [ [ 12.114088798207881, 44.345408121667468 ], [ 12.114088798207881, 44.595768355285379 ], [ 11.560233489916918, 44.595768355285379 ], [ 11.560233489916918, 44.345408121667468 ], [ 12.114088798207881, 44.345408121667468 ] ] ] } },
{ "type": "Feature", "properties": { "event": "EMSR762", "subevent": "EMSR762_2024-09-25", "date": "2024-09-25", "height": 3682, "width": 5089 }, "geometry": { "type": "Polygon", "coordinates": [ [ [ 12.102747308759596, 44.205342136847264 ], [ 12.102747308759596, 44.602271762084378 ], [ 11.554139252585868, 44.602271762084378 ], [ 11.554139252585868, 44.205342136847264 ], [ 12.102747308759596, 44.205342136847264 ] ] ] } },
{ "type": "Feature", "properties": { "event": "EMSR763", "subevent": "EMSR763_2024-09-23", "date": "2024-09-23", "height": 12989, "width": 8978 }, "geometry": { "type": "Polygon", "coordinates": [ [ [ 14.766922580588254, 51.970001322347564 ], [ 14.766922580588254, 53.280227099240172 ], [ 13.861294200809841, 53.280227099240172 ], [ 13.861294200809841, 51.970001322347564 ], [ 14.766922580588254, 51.970001322347564 ] ] ] } },
{ "type": "Feature", "properties": { "event": "EMSR763", "subevent": "EMSR763_2024-09-25", "date": "2024-09-25", "height": 12989, "width": 8978 }, "geometry": { "type": "Polygon", "coordinates": [ [ [ 14.766922580588254, 51.970001322347564 ], [ 14.766922580588254, 53.280227099240172 ], [ 13.861294200809841, 53.280227099240172 ], [ 13.861294200809841, 51.970001322347564 ], [ 14.766922580588254, 51.970001322347564 ] ] ] } },
{ "type": "Feature", "properties": { "event": "EMSR763", "subevent": "EMSR763_2024-09-26", "date": "2024-09-26", "height": 12989, "width": 8978 }, "geometry": { "type": "Polygon", "coordinates": [ [ [ 14.766922580588254, 51.970001322347564 ], [ 14.766922580588254, 53.280227099240172 ], [ 13.861294200809841, 53.280227099240172 ], [ 13.861294200809841, 51.970001322347564 ], [ 14.766922580588254, 51.970001322347564 ] ] ] } },
{ "type": "Feature", "properties": { "event": "EMSR763", "subevent": "EMSR763_2024-09-28", "date": "2024-09-28", "height": 13018, "width": 9010 }, "geometry": { "type": "Polygon", "coordinates": [ [ [ 14.767622094605985, 51.968221586520521 ], [ 14.767622094605985, 53.281684693527708 ], [ 13.858549841254105, 53.281684693527708 ], [ 13.858549841254105, 51.968221586520521 ], [ 14.767622094605985, 51.968221586520521 ] ] ] } },
{ "type": "Feature", "properties": { "event": "EMSR763", "subevent": "EMSR763_2024-09-30", "date": "2024-09-30", "height": 13018, "width": 9010 }, "geometry": { "type": "Polygon", "coordinates": [ [ [ 14.767622094605985, 51.968221586520521 ], [ 14.767622094605985, 53.281684693527708 ], [ 13.858549841254105, 53.281684693527708 ], [ 13.858549841254105, 51.968221586520521 ], [ 14.767622094605985, 51.968221586520521 ] ] ] } },
{ "type": "Feature", "properties": { "event": "EMSR763", "subevent": "EMSR763_2024-10-04", "date": "2024-10-04", "height": 13018, "width": 9010 }, "geometry": { "type": "Polygon", "coordinates": [ [ [ 14.767622094605985, 51.968221586520521 ], [ 14.767622094605985, 53.281684693527708 ], [ 13.858549841254105, 53.281684693527708 ], [ 13.858549841254105, 51.968221586520521 ], [ 14.767622094605985, 51.968221586520521 ] ] ] } },
{ "type": "Feature", "properties": { "event": "EMSR763", "subevent": "EMSR763_2024-10-06", "date": "2024-10-06", "height": 13018, "width": 9010 }, "geometry": { "type": "Polygon", "coordinates": [ [ [ 14.767622094605985, 51.968221586520521 ], [ 14.767622094605985, 53.281684693527708 ], [ 13.858549841254105, 53.281684693527708 ], [ 13.858549841254105, 51.968221586520521 ], [ 14.767622094605985, 51.968221586520521 ] ] ] } },
{ "type": "Feature", "properties": { "event": "EMSR763", "subevent": "EMSR763_2024-10-07", "date": "2024-10-07", "height": 13018, "width": 9010 }, "geometry": { "type": "Polygon", "coordinates": [ [ [ 14.767622094605985, 51.968221586520521 ], [ 14.767622094605985, 53.281684693527708 ], [ 13.858549841254105, 53.281684693527708 ], [ 13.858549841254105, 51.968221586520521 ], [ 14.767622094605985, 51.968221586520521 ] ] ] } },
{ "type": "Feature", "properties": { "event": "EMSR764", "subevent": "EMSR764_2024-09-23", "date": "2024-09-23", "height": 2292, "width": 4974 }, "geometry": { "type": "Polygon", "coordinates": [ [ [ 15.642158445059195, 47.85018046216851 ], [ 15.642158445059195, 48.1287994493646 ], [ 15.037511480699088, 48.1287994493646 ], [ 15.037511480699088, 47.85018046216851 ], [ 15.642158445059195, 47.85018046216851 ] ] ] } },
{ "type": "Feature", "properties": { "event": "EMSR764", "subevent": "EMSR764_2024-09-30", "date": "2024-09-30", "height": 1209, "width": 1819 }, "geometry": { "type": "Polygon", "coordinates": [ [ [ 15.44546127613537, 47.853412353293301 ], [ 15.44546127613537, 47.991366687308314 ], [ 15.237902191293927, 47.991366687308314 ], [ 15.237902191293927, 47.853412353293301 ], [ 15.44546127613537, 47.853412353293301 ] ] ] } },
{ "type": "Feature", "properties": { "event": "EMSR766", "subevent": "EMSR766_2024-09-25", "date": "2024-09-25", "height": 7305, "width": 8073 }, "geometry": { "type": "Polygon", "coordinates": [ [ [ 19.448207127674507, 45.151655742144953 ], [ 19.448207127674507, 45.930542298516762 ], [ 18.587433524719049, 45.930542298516762 ], [ 18.587433524719049, 45.151655742144953 ], [ 19.448207127674507, 45.151655742144953 ] ] ] } },
{ "type": "Feature", "properties": { "event": "EMSR766", "subevent": "EMSR766_2024-09-27", "date": "2024-09-27", "height": 7305, "width": 8073 }, "geometry": { "type": "Polygon", "coordinates": [ [ [ 19.448207127674507, 45.151655742144953 ], [ 19.448207127674507, 45.930542298516762 ], [ 18.587433524719049, 45.930542298516762 ], [ 18.587433524719049, 45.151655742144953 ], [ 19.448207127674507, 45.151655742144953 ] ] ] } },
{ "type": "Feature", "properties": { "event": "EMSR766", "subevent": "EMSR766_2024-09-29", "date": "2024-09-29", "height": 7305, "width": 8073 }, "geometry": { "type": "Polygon", "coordinates": [ [ [ 19.448207127674507, 45.151655742144953 ], [ 19.448207127674507, 45.930542298516762 ], [ 18.587433524719049, 45.930542298516762 ], [ 18.587433524719049, 45.151655742144953 ], [ 19.448207127674507, 45.151655742144953 ] ] ] } },
{ "type": "Feature", "properties": { "event": "EMSR768", "subevent": "EMSR768_2024-10-04", "date": "2024-10-04", "height": 3768, "width": 11731 }, "geometry": { "type": "Polygon", "coordinates": [ [ [ 16.420484462005732, 45.196126677572011 ], [ 16.420484462005732, 45.65609798537146 ], [ 14.988445339979368, 45.65609798537146 ], [ 14.988445339979368, 45.196126677572011 ], [ 16.420484462005732, 45.196126677572011 ] ] ] } },
{ "type": "Feature", "properties": { "event": "EMSR768", "subevent": "EMSR768_2024-10-05", "date": "2024-10-05", "height": 1236, "width": 6532 }, "geometry": { "type": "Polygon", "coordinates": [ [ [ 16.418328103832025, 45.411981665944609 ], [ 16.418328103832025, 45.567390618297985 ], [ 15.597024481847992, 45.567390618297985 ], [ 15.597024481847992, 45.411981665944609 ], [ 16.418328103832025, 45.411981665944609 ] ] ] } },
{ "type": "Feature", "properties": { "event": "EMSR768", "subevent": "EMSR768_2024-10-07", "date": "2024-10-07", "height": 1236, "width": 6532 }, "geometry": { "type": "Polygon", "coordinates": [ [ [ 16.418328103832025, 45.411981665944609 ], [ 16.418328103832025, 45.567390618297985 ], [ 15.597024481847992, 45.567390618297985 ], [ 15.597024481847992, 45.411981665944609 ], [ 16.418328103832025, 45.411981665944609 ] ] ] } },
{ "type": "Feature", "properties": { "event": "EMSR768", "subevent": "EMSR768_2024-10-08", "date": "2024-10-08", "height": 3768, "width": 11731 }, "geometry": { "type": "Polygon", "coordinates": [ [ [ 16.420484462005732, 45.196126677572011 ], [ 16.420484462005732, 45.65609798537146 ], [ 14.988445339979368, 45.65609798537146 ], [ 14.988445339979368, 45.196126677572011 ], [ 16.420484462005732, 45.196126677572011 ] ] ] } },
{ "type": "Feature", "properties": { "event": "EMSR768", "subevent": "EMSR768_2024-10-09", "date": "2024-10-09", "height": 1236, "width": 6532 }, "geometry": { "type": "Polygon", "coordinates": [ [ [ 16.418328103832025, 45.411981665944609 ], [ 16.418328103832025, 45.567390618297985 ], [ 15.597024481847992, 45.567390618297985 ], [ 15.597024481847992, 45.411981665944609 ], [ 16.418328103832025, 45.411981665944609 ] ] ] } },
{ "type": "Feature", "properties": { "event": "EMSR770", "subevent": "EMSR770_2024-10-06", "date": "2024-10-06", "height": 723, "width": 697 }, "geometry": { "type": "Polygon", "coordinates": [ [ [ 17.789109668249463, 43.613851273825738 ], [ 17.789109668249463, 43.686827049543915 ], [ 17.718758194286018, 43.686827049543915 ], [ 17.718758194286018, 43.613851273825738 ], [ 17.789109668249463, 43.613851273825738 ] ] ] } },
{ "type": "Feature", "properties": { "event": "EMSR770", "subevent": "EMSR770_2024-10-07", "date": "2024-10-07", "height": 1261, "width": 2740 }, "geometry": { "type": "Polygon", "coordinates": [ [ [ 17.985051608400632, 43.60258169950437 ], [ 17.985051608400632, 43.747224213476088 ], [ 17.670760975345516, 43.747224213476088 ], [ 17.670760975345516, 43.60258169950437 ], [ 17.985051608400632, 43.60258169950437 ] ] ] } },
{ "type": "Feature", "properties": { "event": "EMSR770", "subevent": "EMSR770_2024-10-08", "date": "2024-10-08", "height": 4600, "width": 3412 }, "geometry": { "type": "Polygon", "coordinates": [ [ [ 17.965742012778112, 43.506176323266686 ], [ 17.965742012778112, 43.952746285383057 ], [ 17.634503597399622, 43.952746285383057 ], [ 17.634503597399622, 43.506176323266686 ], [ 17.965742012778112, 43.506176323266686 ] ] ] } },
{ "type": "Feature", "properties": { "event": "EMSR771", "subevent": "EMSR771_2024-10-20", "date": "2024-10-20", "height": 6316, "width": 16225 }, "geometry": { "type": "Polygon", "coordinates": [ [ [ 11.934604149116185, 44.378448150658777 ], [ 11.934604149116185, 45.12776856353554 ], [ 10.009695393744821, 45.12776856353554 ], [ 10.009695393744821, 44.378448150658777 ], [ 11.934604149116185, 44.378448150658777 ] ] ] } },
{ "type": "Feature", "properties": { "event": "EMSR771", "subevent": "EMSR771_2024-10-21", "date": "2024-10-21", "height": 4495, "width": 7454 }, "geometry": { "type": "Polygon", "coordinates": [ [ [ 11.55514047752358, 44.394233262545768 ], [ 11.55514047752358, 44.896371169089754 ], [ 10.722451722155647, 44.896371169089754 ], [ 10.722451722155647, 44.394233262545768 ], [ 11.55514047752358, 44.394233262545768 ] ] ] } },
{ "type": "Feature", "properties": { "event": "EMSR771", "subevent": "EMSR771_2024-10-22", "date": "2024-10-22", "height": 6316, "width": 16225 }, "geometry": { "type": "Polygon", "coordinates": [ [ [ 11.934604149116185, 44.378448150658777 ], [ 11.934604149116185, 45.12776856353554 ], [ 10.009695393744821, 45.12776856353554 ], [ 10.009695393744821, 44.378448150658777 ], [ 11.934604149116185, 44.378448150658777 ] ] ] } },
{ "type": "Feature", "properties": { "event": "EMSR771", "subevent": "EMSR771_2024-10-24", "date": "2024-10-24", "height": 6316, "width": 16225 }, "geometry": { "type": "Polygon", "coordinates": [ [ [ 11.934604149116185, 44.378448150658777 ], [ 11.934604149116185, 45.12776856353554 ], [ 10.009695393744821, 45.12776856353554 ], [ 10.009695393744821, 44.378448150658777 ], [ 11.934604149116185, 44.378448150658777 ] ] ] } },
{ "type": "Feature", "properties": { "event": "EMSR771", "subevent": "EMSR771_2024-10-25", "date": "2024-10-25", "height": 6316, "width": 16225 }, "geometry": { "type": "Polygon", "coordinates": [ [ [ 11.934604149116185, 44.378448150658777 ], [ 11.934604149116185, 45.12776856353554 ], [ 10.009695393744821, 45.12776856353554 ], [ 10.009695393744821, 44.378448150658777 ], [ 11.934604149116185, 44.378448150658777 ] ] ] } },
{ "type": "Feature", "properties": { "event": "EMSR772", "subevent": "EMSR772_2024-10-24", "date": "2024-10-24", "height": 34731, "width": 17709 }, "geometry": { "type": "Polygon", "coordinates": [ [ [ 15.68933280198257, 9.93521805056848 ], [ 15.68933280198257, 13.085005538653045 ], [ 14.08328671559031, 13.085005538653045 ], [ 14.08328671559031, 9.93521805056848 ], [ 15.68933280198257, 9.93521805056848 ] ] ] } },
{ "type": "Feature", "properties": { "event": "EMSR773", "subevent": "EMSR773_2024-10-30", "date": "2024-10-30", "height": 12427, "width": 15484 }, "geometry": { "type": "Polygon", "coordinates": [ [ [ 0.067088461895187, 38.716480099477288 ], [ 0.067088461895187, 39.993416216361432 ], [ -1.52396962403336, 39.993416216361432 ], [ -1.52396962403336, 38.716480099477288 ], [ 0.067088461895187, 38.716480099477288 ] ] ] } },
{ "type": "Feature", "properties": { "event": "EMSR773", "subevent": "EMSR773_2024-10-31", "date": "2024-10-31", "height": 12427, "width": 15484 }, "geometry": { "type": "Polygon", "coordinates": [ [ [ 0.067088461895187, 38.716480099477288 ], [ 0.067088461895187, 39.993416216361432 ], [ -1.52396962403336, 39.993416216361432 ], [ -1.52396962403336, 38.716480099477288 ], [ 0.067088461895187, 38.716480099477288 ] ] ] } },
{ "type": "Feature", "properties": { "event": "EMSR773", "subevent": "EMSR773_2024-11-02", "date": "2024-11-02", "height": 273, "width": 358 }, "geometry": { "type": "Polygon", "coordinates": [ [ [ -1.261163218381443, 39.542968785304062 ], [ -1.261163218381443, 39.57129816145008 ], [ -1.298313096257909, 39.57129816145008 ], [ -1.298313096257909, 39.542968785304062 ], [ -1.261163218381443, 39.542968785304062 ] ] ] } },
{ "type": "Feature", "properties": { "event": "EMSR773", "subevent": "EMSR773_2024-11-03", "date": "2024-11-03", "height": 12427, "width": 15484 }, "geometry": { "type": "Polygon", "coordinates": [ [ [ 0.067088461895187, 38.716480099477288 ], [ 0.067088461895187, 39.993416216361432 ], [ -1.52396962403336, 39.993416216361432 ], [ -1.52396962403336, 38.716480099477288 ], [ 0.067088461895187, 38.716480099477288 ] ] ] } },
{ "type": "Feature", "properties": { "event": "EMSR773", "subevent": "EMSR773_2024-11-05", "date": "2024-11-05", "height": 12427, "width": 15484 }, "geometry": { "type": "Polygon", "coordinates": [ [ [ 0.067088461895187, 38.716480099477288 ], [ 0.067088461895187, 39.993416216361432 ], [ -1.52396962403336, 39.993416216361432 ], [ -1.52396962403336, 38.716480099477288 ], [ 0.067088461895187, 38.716480099477288 ] ] ] } },
{ "type": "Feature", "properties": { "event": "EMSR773", "subevent": "EMSR773_2024-11-06", "date": "2024-11-06", "height": 16341, "width": 21263 }, "geometry": { "type": "Polygon", "coordinates": [ [ [ 0.06706260580544, 38.311554211074025 ], [ 0.06706260580544, 39.999731478281767 ], [ -2.129603034769687, 39.999731478281767 ], [ -2.129603034769687, 38.311554211074025 ], [ 0.06706260580544, 38.311554211074025 ] ] ] } },
{ "type": "Feature", "properties": { "event": "EMSR773", "subevent": "EMSR773_2024-11-08", "date": "2024-11-08", "height": 19844, "width": 20512 }, "geometry": { "type": "Polygon", "coordinates": [ [ [ 0.53370167349916, 38.704849121838883 ], [ 0.53370167349916, 40.695510147642494 ], [ -1.523970114511509, 40.695510147642494 ], [ -1.523970114511509, 38.704849121838883 ], [ 0.53370167349916, 38.704849121838883 ] ] ] } },
{ "type": "Feature", "properties": { "event": "EMSR773", "subevent": "EMSR773_2024-11-10", "date": "2024-11-10", "height": 1777, "width": 1831 }, "geometry": { "type": "Polygon", "coordinates": [ [ [ -0.561944873433479, 39.341014064498737 ], [ -0.561944873433479, 39.519069396682234 ], [ -0.74541100355615, 39.519069396682234 ], [ -0.74541100355615, 39.341014064498737 ], [ -0.561944873433479, 39.341014064498737 ] ] ] } },
{ "type": "Feature", "properties": { "event": "EMSR773", "subevent": "EMSR773_2024-11-11", "date": "2024-11-11", "height": 4806, "width": 10257 }, "geometry": { "type": "Polygon", "coordinates": [ [ [ -0.302564599299473, 39.13477099604026 ], [ -0.302564599299473, 39.66088633351864 ], [ -1.425403762120055, 39.66088633351864 ], [ -1.425403762120055, 39.13477099604026 ], [ -0.302564599299473, 39.13477099604026 ] ] ] } },
{ "type": "Feature", "properties": { "event": "EMSR773", "subevent": "EMSR773_2024-11-15", "date": "2024-11-15", "height": 874, "width": 1329 }, "geometry": { "type": "Polygon", "coordinates": [ [ [ -4.507767898602983, 36.629177188874785 ], [ -4.507767898602983, 36.720197575961841 ], [ -4.646173040981352, 36.720197575961841 ], [ -4.646173040981352, 36.629177188874785 ], [ -4.507767898602983, 36.629177188874785 ] ] ] } },
{ "type": "Feature", "properties": { "event": "EMSR773", "subevent": "EMSR773_2024-11-17", "date": "2024-11-17", "height": 3460, "width": 3913 }, "geometry": { "type": "Polygon", "coordinates": [ [ [ -0.357440348450314, 39.268662382787454 ], [ -0.357440348450314, 39.619580714249857 ], [ -0.754302611748692, 39.619580714249857 ], [ -0.754302611748692, 39.268662382787454 ], [ -0.357440348450314, 39.268662382787454 ] ] ] } },
{ "type": "Feature", "properties": { "event": "EMSR773", "subevent": "EMSR773_2024-11-18", "date": "2024-11-18", "height": 1252, "width": 7218 }, "geometry": { "type": "Polygon", "coordinates": [ [ [ -0.400650307840801, 39.44136624843626 ], [ -0.400650307840801, 39.585525291334037 ], [ -1.231752521607681, 39.585525291334037 ], [ -1.231752521607681, 39.44136624843626 ], [ -0.400650307840801, 39.44136624843626 ] ] ] } },
{ "type": "Feature", "properties": { "event": "EMSR774", "subevent": "EMSR774_2024-10-29", "date": "2024-10-29", "height": 16116, "width": 11735 }, "geometry": { "type": "Polygon", "coordinates": [ [ [ -95.002345961398163, 17.480756963643195 ], [ -95.002345961398163, 18.959045533111674 ], [ -96.078774129846451, 18.959045533111674 ], [ -96.078774129846451, 17.480756963643195 ], [ -95.002345961398163, 17.480756963643195 ] ] ] } },
{ "type": "Feature", "properties": { "event": "EMSR774", "subevent": "EMSR774_2024-10-30", "date": "2024-10-30", "height": 16116, "width": 11735 }, "geometry": { "type": "Polygon", "coordinates": [ [ [ -95.002345961398163, 17.480756963643195 ], [ -95.002345961398163, 18.959045533111674 ], [ -96.078774129846451, 18.959045533111674 ], [ -96.078774129846451, 17.480756963643195 ], [ -95.002345961398163, 17.480756963643195 ] ] ] } },
{ "type": "Feature", "properties": { "event": "EMSR774", "subevent": "EMSR774_2024-11-01", "date": "2024-11-01", "height": 19761, "width": 21555 }, "geometry": { "type": "Polygon", "coordinates": [ [ [ -94.084098218581758, 17.138149906664687 ], [ -94.084098218581758, 18.966811037840817 ], [ -96.078774129846451, 18.966811037840817 ], [ -96.078774129846451, 17.138149906664687 ], [ -94.084098218581758, 17.138149906664687 ] ] ] } },
{ "type": "Feature", "properties": { "event": "EMSR774", "subevent": "EMSR774_2024-11-03", "date": "2024-11-03", "height": 16959, "width": 13007 }, "geometry": { "type": "Polygon", "coordinates": [ [ [ -94.08415619954917, 17.148462803998573 ], [ -94.08415619954917, 18.705456218337677 ], [ -95.278319377820807, 18.705456218337677 ], [ -95.278319377820807, 17.148462803998573 ], [ -94.08415619954917, 17.148462803998573 ] ] ] } },
{ "type": "Feature", "properties": { "event": "EMSR774", "subevent": "EMSR774_2024-11-04", "date": "2024-11-04", "height": 16116, "width": 11735 }, "geometry": { "type": "Polygon", "coordinates": [ [ [ -95.002345961398163, 17.480756963643195 ], [ -95.002345961398163, 18.959045533111674 ], [ -96.078774129846451, 18.959045533111674 ], [ -96.078774129846451, 17.480756963643195 ], [ -95.002345961398163, 17.480756963643195 ] ] ] } },
{ "type": "Feature", "properties": { "event": "EMSR774", "subevent": "EMSR774_2024-11-05", "date": "2024-11-05", "height": 16959, "width": 13007 }, "geometry": { "type": "Polygon", "coordinates": [ [ [ -94.08415619954917, 17.148462803998573 ], [ -94.08415619954917, 18.705456218337677 ], [ -95.278319377820807, 18.705456218337677 ], [ -95.278319377820807, 17.148462803998573 ], [ -94.08415619954917, 17.148462803998573 ] ] ] } },
{ "type": "Feature", "properties": { "event": "EMSR774", "subevent": "EMSR774_2024-11-07", "date": "2024-11-07", "height": 10479, "width": 10379 }, "geometry": { "type": "Polygon", "coordinates": [ [ [ -95.114637658039882, 17.901734653572802 ], [ -95.114637658039882, 18.870025460692052 ], [ -96.073688167352856, 18.870025460692052 ], [ -96.073688167352856, 17.901734653572802 ], [ -95.114637658039882, 17.901734653572802 ] ] ] } },
{ "type": "Feature", "properties": { "event": "EMSR774", "subevent": "EMSR774_2024-11-08", "date": "2024-11-08", "height": 11759, "width": 11046 }, "geometry": { "type": "Polygon", "coordinates": [ [ [ -94.099692694347979, 17.1685779864506 ], [ -94.099692694347979, 18.252302727133412 ], [ -95.117706427282954, 18.252302727133412 ], [ -95.117706427282954, 17.1685779864506 ], [ -94.099692694347979, 17.1685779864506 ] ] ] } },
{ "type": "Feature", "properties": { "event": "EMSR779", "subevent": "EMSR779_2024-11-23", "date": "2024-11-23", "height": 34731, "width": 17709 }, "geometry": { "type": "Polygon", "coordinates": [ [ [ 15.68933280198257, 9.93521805056848 ], [ 15.68933280198257, 13.085005538653045 ], [ 14.08328671559031, 13.085005538653045 ], [ 14.08328671559031, 9.93521805056848 ], [ 15.68933280198257, 9.93521805056848 ] ] ] } },
{ "type": "Feature", "properties": { "event": "EMSR783", "subevent": "EMSR783_2024-12-31", "date": "2024-12-31", "height": 5221, "width": 9200 }, "geometry": { "type": "Polygon", "coordinates": [ [ [ -3.029772907840492, 56.992679650237392 ], [ -3.029772907840492, 57.684036150104731 ], [ -4.248022246813772, 57.684036150104731 ], [ -4.248022246813772, 56.992679650237392 ], [ -3.029772907840492, 56.992679650237392 ] ] ] } },
{ "type": "Feature", "properties": { "event": "EMSR783", "subevent": "EMSR783_2025-01-01", "date": "2025-01-01", "height": 14342, "width": 13386 }, "geometry": { "type": "Polygon", "coordinates": [ [ [ -3.029105519613029, 56.109956149567559 ], [ -3.029105519613029, 57.684036154620607 ], [ -4.498261491418922, 57.684036154620607 ], [ -4.498261491418922, 56.109956149567559 ], [ -3.029105519613029, 56.109956149567559 ] ] ] } },
{ "type": "Feature", "properties": { "event": "EMSR788", "subevent": "EMSR788_2025-01-30", "date": "2025-01-30", "height": 5652, "width": 7453 }, "geometry": { "type": "Polygon", "coordinates": [ [ [ -1.429387866573015, 47.514803938094182 ], [ -1.429387866573015, 48.13992343881651 ], [ -2.253700612306118, 48.13992343881651 ], [ -2.253700612306118, 47.514803938094182 ], [ -1.429387866573015, 47.514803938094182 ] ] ] } },
{ "type": "Feature", "properties": { "event": "EMSR788", "subevent": "EMSR788_2025-01-31", "date": "2025-01-31", "height": 5294, "width": 6160 }, "geometry": { "type": "Polygon", "coordinates": [ [ [ -1.721093089432122, 47.436026201391705 ], [ -1.721093089432122, 48.007322812967928 ], [ -2.385843207926554, 48.007322812967928 ], [ -2.385843207926554, 47.436026201391705 ], [ -1.721093089432122, 47.436026201391705 ] ] ] } },
{ "type": "Feature", "properties": { "event": "EMSR788", "subevent": "EMSR788_2025-02-01", "date": "2025-02-01", "height": 6373, "width": 8606 }, "geometry": { "type": "Polygon", "coordinates": [ [ [ -1.429359245169644, 47.432413897696811 ], [ -1.429359245169644, 48.140719029258172 ], [ -2.385843469587821, 48.140719029258172 ], [ -2.385843469587821, 47.432413897696811 ], [ -1.429359245169644, 47.432413897696811 ] ] ] } },
{ "type": "Feature", "properties": { "event": "EMSR788", "subevent": "EMSR788_2025-02-02", "date": "2025-02-02", "height": 5652, "width": 7453 }, "geometry": { "type": "Polygon", "coordinates": [ [ [ -1.429387866573015, 47.514803938094182 ], [ -1.429387866573015, 48.13992343881651 ], [ -2.253700612306118, 48.13992343881651 ], [ -2.253700612306118, 47.514803938094182 ], [ -1.429387866573015, 47.514803938094182 ] ] ] } },
{ "type": "Feature", "properties": { "event": "EMSR788", "subevent": "EMSR788_2025-02-03", "date": "2025-02-03", "height": 6358, "width": 8603 }, "geometry": { "type": "Polygon", "coordinates": [ [ [ -1.429339689220486, 47.43254343457356 ], [ -1.429339689220486, 48.139441690737321 ], [ -2.385842630047289, 48.139441690737321 ], [ -2.385842630047289, 47.43254343457356 ], [ -1.429339689220486, 47.43254343457356 ] ] ] } },
{ "type": "Feature", "properties": { "event": "EMSR788", "subevent": "EMSR788_2025-02-04", "date": "2025-02-04", "height": 6373, "width": 8606 }, "geometry": { "type": "Polygon", "coordinates": [ [ [ -1.429359245146661, 47.432413898688324 ], [ -1.429359245146661, 48.140719030258083 ], [ -2.385843469576182, 48.140719030258083 ], [ -2.385843469576182, 47.432413898688324 ], [ -1.429359245146661, 47.432413898688324 ] ] ] } },
{ "type": "Feature", "properties": { "event": "EMSR788", "subevent": "EMSR788_2025-02-05", "date": "2025-02-05", "height": 6373, "width": 8606 }, "geometry": { "type": "Polygon", "coordinates": [ [ [ -1.429359245146661, 47.432413898688324 ], [ -1.429359245146661, 48.140719030258083 ], [ -2.385843469576182, 48.140719030258083 ], [ -2.385843469576182, 47.432413898688324 ], [ -1.429359245146661, 47.432413898688324 ] ] ] } }
]
}
